trial,item,goal,true_state,positivity,utterance,rt,time_elapsed,language,expt_aim,goal_thoughts,expt_general
1,song,both,heart3,was,amazing,30993,72108,English,to determine what people would say on how they felt.,no.,
2,dance,both,heart1,was,good,29539,101660,English,to determine what people would say on how they felt.,no.,
3,recital,informative,heart0,was,terrible,31509,133171,English,to determine what people would say on how they felt.,no.,
4,movie,informative,heart1,was,bad,19528,152701,English,to determine what people would say on how they felt.,no.,
5,review,both,heart0,wasn't,bad,24140,176843,English,to determine what people would say on how they felt.,no.,
6,poem,social,heart2,was,amazing,22261,199107,English,to determine what people would say on how they felt.,no.,
7,solo,social,heart0,was,amazing,14476,213585,English,to determine what people would say on how they felt.,no.,
8,cake,informative,heart2,wasn't,bad,77442,291029,English,to determine what people would say on how they felt.,no.,
9,monologue,informative,heart3,wasn't,bad,14004,305035,English,to determine what people would say on how they felt.,no.,
10,painting,social,heart1,was,good,21283,326320,English,to determine what people would say on how they felt.,no.,
11,presentation,both,heart2,was,good,9280,335601,English,to determine what people would say on how they felt.,no.,
12,app,social,heart3,was,good,17064,352667,English,to determine what people would say on how they felt.,no.,