trial,item,goal,true_state,positivity,utterance,rt,time_elapsed,language,expt_aim,goal_thoughts,expt_general
1,poem,both,heart2,was,amazing,39821,128105,ENGLISH,HELPED EXPRESS EMOTIONS,YES,NIL
2,review,both,heart3,was,amazing,24576,152702,ENGLISH,HELPED EXPRESS EMOTIONS,YES,NIL
3,cake,social,heart1,wasn't,bad,20547,173253,ENGLISH,HELPED EXPRESS EMOTIONS,YES,NIL
4,app,informative,heart0,was,terrible,22492,195748,ENGLISH,HELPED EXPRESS EMOTIONS,YES,NIL
5,solo,both,heart1,wasn't,bad,18763,214514,ENGLISH,HELPED EXPRESS EMOTIONS,YES,NIL
6,painting,both,heart0,wasn't,bad,38767,253285,ENGLISH,HELPED EXPRESS EMOTIONS,YES,NIL
7,presentation,informative,heart1,wasn't,terrible,16133,269421,ENGLISH,HELPED EXPRESS EMOTIONS,YES,NIL
8,monologue,social,heart0,wasn't,bad,15898,285323,ENGLISH,HELPED EXPRESS EMOTIONS,YES,NIL
9,recital,informative,heart3,was,amazing,11135,296460,ENGLISH,HELPED EXPRESS EMOTIONS,YES,NIL
10,movie,informative,heart2,was,good,17239,313703,ENGLISH,HELPED EXPRESS EMOTIONS,YES,NIL
11,dance,social,heart3,wasn't,bad,40054,353762,ENGLISH,HELPED EXPRESS EMOTIONS,YES,NIL
12,song,social,heart2,was,good,14692,368456,ENGLISH,HELPED EXPRESS EMOTIONS,YES,NIL