trial,item,goal,true_state,positivity,utterance,rt,time_elapsed,language,expt_aim,goal_thoughts,expt_general
1,poem,both,heart1,wasn't,bad,7848,12929,English,The experiment aimed at experimenting how people give honest opinion without seeming insensitive.,No,No
2,cake,social,heart3,was,amazing,19660,32619,English,The experiment aimed at experimenting how people give honest opinion without seeming insensitive.,No,No
3,app,informative,heart2,was,good,5353,37975,English,The experiment aimed at experimenting how people give honest opinion without seeming insensitive.,No,No
4,monologue,social,heart1,wasn't,bad,9100,47077,English,The experiment aimed at experimenting how people give honest opinion without seeming insensitive.,No,No
5,song,both,heart0,was,terrible,22483,69563,English,The experiment aimed at experimenting how people give honest opinion without seeming insensitive.,No,No
6,recital,both,heart2,was,good,5583,75149,English,The experiment aimed at experimenting how people give honest opinion without seeming insensitive.,No,No
7,review,both,heart3,was,amazing,6662,81815,English,The experiment aimed at experimenting how people give honest opinion without seeming insensitive.,No,No
8,solo,social,heart0,was,bad,8205,90023,English,The experiment aimed at experimenting how people give honest opinion without seeming insensitive.,No,No
9,painting,social,heart2,was,good,17965,107991,English,The experiment aimed at experimenting how people give honest opinion without seeming insensitive.,No,No
10,presentation,informative,heart1,wasn't,bad,11075,119069,English,The experiment aimed at experimenting how people give honest opinion without seeming insensitive.,No,No
11,movie,informative,heart3,was,good,5477,124549,English,The experiment aimed at experimenting how people give honest opinion without seeming insensitive.,No,No
12,dance,informative,heart0,was,bad,17369,141921,English,The experiment aimed at experimenting how people give honest opinion without seeming insensitive.,No,No