trial,item,goal,true_state,positivity,utterance,rt,time_elapsed,language,expt_aim,goal_thoughts,expt_general
1,dance,informative,heart0,was,terrible,39242,63878,English,About the extent to which people use "wasn't" when giving inaccurate answers.,I assumed they didn't.,
2,song,informative,heart3,wasn't,bad,21530,85414,English,About the extent to which people use "wasn't" when giving inaccurate answers.,I assumed they didn't.,
3,cake,both,heart2,was,good,8060,93475,English,About the extent to which people use "wasn't" when giving inaccurate answers.,I assumed they didn't.,
4,poem,social,heart3,was,amazing,12443,105919,English,About the extent to which people use "wasn't" when giving inaccurate answers.,I assumed they didn't.,
5,review,informative,heart2,wasn't,bad,14891,120812,English,About the extent to which people use "wasn't" when giving inaccurate answers.,I assumed they didn't.,
6,recital,both,heart3,was,amazing,5678,126491,English,About the extent to which people use "wasn't" when giving inaccurate answers.,I assumed they didn't.,
7,painting,both,heart1,wasn't,terrible,18870,145363,English,About the extent to which people use "wasn't" when giving inaccurate answers.,I assumed they didn't.,
8,presentation,both,heart0,wasn't,terrible,17616,162980,English,About the extent to which people use "wasn't" when giving inaccurate answers.,I assumed they didn't.,
9,monologue,informative,heart1,was,bad,13732,176712,English,About the extent to which people use "wasn't" when giving inaccurate answers.,I assumed they didn't.,
10,solo,social,heart0,was,good,9502,186215,English,About the extent to which people use "wasn't" when giving inaccurate answers.,I assumed they didn't.,
11,movie,social,heart2,was,amazing,9652,195868,English,About the extent to which people use "wasn't" when giving inaccurate answers.,I assumed they didn't.,
12,app,social,heart1,was,good,5056,200925,English,About the extent to which people use "wasn't" when giving inaccurate answers.,I assumed they didn't.,