trial,item,goal,true_state,positivity,utterance,rt,time_elapsed,language,expt_aim,goal_thoughts,expt_general
1,painting,informative,heart2,wasn't,bad,40277,73847,English,on how to word things so you either are giving constructive feedback and/or if you are trying to make them feel good.,none that I can think of,none
2,monologue,informative,heart0,wasn't,bad,38631,112502,English,on how to word things so you either are giving constructive feedback and/or if you are trying to make them feel good.,none that I can think of,none
3,recital,social,heart3,was,amazing,16316,128812,English,on how to word things so you either are giving constructive feedback and/or if you are trying to make them feel good.,none that I can think of,none
4,app,social,heart2,was,good,13435,142252,English,on how to word things so you either are giving constructive feedback and/or if you are trying to make them feel good.,none that I can think of,none
5,solo,social,heart0,wasn't,bad,17315,159570,English,on how to word things so you either are giving constructive feedback and/or if you are trying to make them feel good.,none that I can think of,none
6,dance,informative,heart1,was,bad,24458,184021,English,on how to word things so you either are giving constructive feedback and/or if you are trying to make them feel good.,none that I can think of,none
7,movie,both,heart2,was,good,13322,197348,English,on how to word things so you either are giving constructive feedback and/or if you are trying to make them feel good.,none that I can think of,none
8,review,social,heart1,wasn't,bad,18179,215533,English,on how to word things so you either are giving constructive feedback and/or if you are trying to make them feel good.,none that I can think of,none
9,song,both,heart3,was,amazing,7130,222669,English,on how to word things so you either are giving constructive feedback and/or if you are trying to make them feel good.,none that I can think of,none
10,presentation,both,heart0,wasn't,bad,13423,236096,English,on how to word things so you either are giving constructive feedback and/or if you are trying to make them feel good.,none that I can think of,none
11,cake,both,heart1,wasn't,bad,11753,247846,English,on how to word things so you either are giving constructive feedback and/or if you are trying to make them feel good.,none that I can think of,none
12,poem,informative,heart3,was,good,11947,259797,English,on how to word things so you either are giving constructive feedback and/or if you are trying to make them feel good.,none that I can think of,none