trial,item,goal,true_state,positivity,utterance,rt,time_elapsed,language,expt_aim,goal_thoughts,expt_general
1,dance,informative,heart2,wasn't,bad,37652,145835,English,Predicting someones true opinion about a persons preformance.,To give constructive feedback.,No.
2,solo,both,heart0,wasn't,terrible,43513,189363,English,Predicting someones true opinion about a persons preformance.,To give constructive feedback.,No.
3,song,both,heart3,was,amazing,23810,213177,English,Predicting someones true opinion about a persons preformance.,To give constructive feedback.,No.
4,painting,social,heart0,was,good,22730,235908,English,Predicting someones true opinion about a persons preformance.,To give constructive feedback.,No.
5,presentation,social,heart1,was,good,20431,256342,English,Predicting someones true opinion about a persons preformance.,To give constructive feedback.,No.
6,cake,both,heart2,was,good,16152,272496,English,Predicting someones true opinion about a persons preformance.,To give constructive feedback.,No.
7,poem,both,heart1,wasn't,bad,24352,296851,English,Predicting someones true opinion about a persons preformance.,To give constructive feedback.,No.
8,movie,informative,heart3,was,good,18774,315626,English,Predicting someones true opinion about a persons preformance.,To give constructive feedback.,No.
9,app,social,heart2,was,amazing,15869,331498,English,Predicting someones true opinion about a persons preformance.,To give constructive feedback.,No.
10,recital,informative,heart0,was,bad,14952,346452,English,Predicting someones true opinion about a persons preformance.,To give constructive feedback.,No.
11,monologue,social,heart3,was,amazing,20484,366938,English,Predicting someones true opinion about a persons preformance.,To give constructive feedback.,No.
12,review,informative,heart1,wasn't,good,20553,387493,English,Predicting someones true opinion about a persons preformance.,To give constructive feedback.,No.