trial,item,goal,true_state,positivity,utterance,rt,time_elapsed,language,expt_aim,goal_thoughts,expt_general
1,app,both,heart3,was,amazing,35588,68669,English,Giving accurate information and taking feelings into consideration. ,Gender was looked at as well.,
2,painting,informative,heart0,was,terrible,20489,89166,English,Giving accurate information and taking feelings into consideration. ,Gender was looked at as well.,
3,recital,social,heart3,was,good,5920,95087,English,Giving accurate information and taking feelings into consideration. ,Gender was looked at as well.,
4,presentation,social,heart1,was,bad,4812,99900,English,Giving accurate information and taking feelings into consideration. ,Gender was looked at as well.,
5,song,informative,heart2,was,good,6853,106754,English,Giving accurate information and taking feelings into consideration. ,Gender was looked at as well.,
6,movie,both,heart0,was,terrible,4804,111559,English,Giving accurate information and taking feelings into consideration. ,Gender was looked at as well.,
7,cake,both,heart2,wasn't,bad,9507,121068,English,Giving accurate information and taking feelings into consideration. ,Gender was looked at as well.,
8,poem,both,heart1,wasn't,terrible,7682,128751,English,Giving accurate information and taking feelings into consideration. ,Gender was looked at as well.,
9,review,informative,heart3,was,amazing,4516,133268,English,Giving accurate information and taking feelings into consideration. ,Gender was looked at as well.,
10,monologue,informative,heart1,wasn't,bad,8105,141374,English,Giving accurate information and taking feelings into consideration. ,Gender was looked at as well.,
11,solo,social,heart0,was,terrible,6716,148091,English,Giving accurate information and taking feelings into consideration. ,Gender was looked at as well.,
12,dance,social,heart2,was,good,5685,153777,English,Giving accurate information and taking feelings into consideration. ,Gender was looked at as well.,