trial,item,goal,true_state,positivity,utterance,rt,time_elapsed,language,expt_aim,goal_thoughts,expt_general
1,movie,both,heart2,was,good,39720,136339,English,giving your opinion even though it wasn't true to make a person feel good,not sure,Just a Thank you
2,dance,social,heart3,was,amazing,29212,165568,English,giving your opinion even though it wasn't true to make a person feel good,not sure,Just a Thank you
3,presentation,informative,heart0,was,terrible,23244,188815,English,giving your opinion even though it wasn't true to make a person feel good,not sure,Just a Thank you
4,solo,informative,heart1,wasn't,bad,75736,264557,English,giving your opinion even though it wasn't true to make a person feel good,not sure,Just a Thank you
5,cake,both,heart3,was,amazing,48657,313217,English,giving your opinion even though it wasn't true to make a person feel good,not sure,Just a Thank you
6,recital,both,heart0,wasn't,bad,45407,358627,English,giving your opinion even though it wasn't true to make a person feel good,not sure,Just a Thank you
7,painting,social,heart2,was,good,18144,376775,English,giving your opinion even though it wasn't true to make a person feel good,not sure,Just a Thank you
8,song,social,heart1,wasn't,bad,32440,409218,English,giving your opinion even though it wasn't true to make a person feel good,not sure,Just a Thank you
9,app,informative,heart2,was,good,65878,475100,English,giving your opinion even though it wasn't true to make a person feel good,not sure,Just a Thank you
10,poem,informative,heart3,was,amazing,15407,490509,English,giving your opinion even though it wasn't true to make a person feel good,not sure,Just a Thank you
11,review,both,heart1,wasn't,bad,13698,504210,English,giving your opinion even though it wasn't true to make a person feel good,not sure,Just a Thank you
12,monologue,social,heart0,wasn't,bad,34876,539090,English,giving your opinion even though it wasn't true to make a person feel good,not sure,Just a Thank you