trial,item,goal,true_state,positivity,utterance,rt,time_elapsed,language,expt_aim,goal_thoughts,expt_general
1,poem,informative,heart1,was,bad,106038,130975,English, I think this experiment was about how people adjust their feedback or honesty based on whether they want to be accurate, make someone feel good, or a combination of both.,Considering the scenarios, the people giving feedback weren't explicitly mean .The goals were about accuracy/information and making someone feel good. No other strong goals (like seeking personal gain, avoiding conflict, or professional evaluation outside of the "accurate and informative" scope) were explicitly hinted at by the scenarios.,N/A
2,app,both,heart3,was,amazing,28078,159070,English, I think this experiment was about how people adjust their feedback or honesty based on whether they want to be accurate, make someone feel good, or a combination of both.,Considering the scenarios, the people giving feedback weren't explicitly mean .The goals were about accuracy/information and making someone feel good. No other strong goals (like seeking personal gain, avoiding conflict, or professional evaluation outside of the "accurate and informative" scope) were explicitly hinted at by the scenarios.,N/A
3,movie,social,heart1,wasn't,bad,21812,180886,English, I think this experiment was about how people adjust their feedback or honesty based on whether they want to be accurate, make someone feel good, or a combination of both.,Considering the scenarios, the people giving feedback weren't explicitly mean .The goals were about accuracy/information and making someone feel good. No other strong goals (like seeking personal gain, avoiding conflict, or professional evaluation outside of the "accurate and informative" scope) were explicitly hinted at by the scenarios.,N/A
4,recital,social,heart0,was,terrible,13149,194038,English, I think this experiment was about how people adjust their feedback or honesty based on whether they want to be accurate, make someone feel good, or a combination of both.,Considering the scenarios, the people giving feedback weren't explicitly mean .The goals were about accuracy/information and making someone feel good. No other strong goals (like seeking personal gain, avoiding conflict, or professional evaluation outside of the "accurate and informative" scope) were explicitly hinted at by the scenarios.,N/A
5,song,social,heart2,was,good,22901,216942,English, I think this experiment was about how people adjust their feedback or honesty based on whether they want to be accurate, make someone feel good, or a combination of both.,Considering the scenarios, the people giving feedback weren't explicitly mean .The goals were about accuracy/information and making someone feel good. No other strong goals (like seeking personal gain, avoiding conflict, or professional evaluation outside of the "accurate and informative" scope) were explicitly hinted at by the scenarios.,N/A
6,review,informative,heart0,was,bad,7702,224646,English, I think this experiment was about how people adjust their feedback or honesty based on whether they want to be accurate, make someone feel good, or a combination of both.,Considering the scenarios, the people giving feedback weren't explicitly mean .The goals were about accuracy/information and making someone feel good. No other strong goals (like seeking personal gain, avoiding conflict, or professional evaluation outside of the "accurate and informative" scope) were explicitly hinted at by the scenarios.,N/A
7,dance,social,heart3,was,amazing,2901,227550,English, I think this experiment was about how people adjust their feedback or honesty based on whether they want to be accurate, make someone feel good, or a combination of both.,Considering the scenarios, the people giving feedback weren't explicitly mean .The goals were about accuracy/information and making someone feel good. No other strong goals (like seeking personal gain, avoiding conflict, or professional evaluation outside of the "accurate and informative" scope) were explicitly hinted at by the scenarios.,N/A
8,cake,both,heart2,was,good,10117,237670,English, I think this experiment was about how people adjust their feedback or honesty based on whether they want to be accurate, make someone feel good, or a combination of both.,Considering the scenarios, the people giving feedback weren't explicitly mean .The goals were about accuracy/information and making someone feel good. No other strong goals (like seeking personal gain, avoiding conflict, or professional evaluation outside of the "accurate and informative" scope) were explicitly hinted at by the scenarios.,N/A
9,presentation,both,heart1,wasn't,bad,3197,240870,English, I think this experiment was about how people adjust their feedback or honesty based on whether they want to be accurate, make someone feel good, or a combination of both.,Considering the scenarios, the people giving feedback weren't explicitly mean .The goals were about accuracy/information and making someone feel good. No other strong goals (like seeking personal gain, avoiding conflict, or professional evaluation outside of the "accurate and informative" scope) were explicitly hinted at by the scenarios.,N/A
10,monologue,both,heart0,was,terrible,5101,245974,English, I think this experiment was about how people adjust their feedback or honesty based on whether they want to be accurate, make someone feel good, or a combination of both.,Considering the scenarios, the people giving feedback weren't explicitly mean .The goals were about accuracy/information and making someone feel good. No other strong goals (like seeking personal gain, avoiding conflict, or professional evaluation outside of the "accurate and informative" scope) were explicitly hinted at by the scenarios.,N/A
11,solo,informative,heart3,was,good,71421,317398,English, I think this experiment was about how people adjust their feedback or honesty based on whether they want to be accurate, make someone feel good, or a combination of both.,Considering the scenarios, the people giving feedback weren't explicitly mean .The goals were about accuracy/information and making someone feel good. No other strong goals (like seeking personal gain, avoiding conflict, or professional evaluation outside of the "accurate and informative" scope) were explicitly hinted at by the scenarios.,N/A
12,painting,informative,heart2,was,good,5013,322414,English, I think this experiment was about how people adjust their feedback or honesty based on whether they want to be accurate, make someone feel good, or a combination of both.,Considering the scenarios, the people giving feedback weren't explicitly mean .The goals were about accuracy/information and making someone feel good. No other strong goals (like seeking personal gain, avoiding conflict, or professional evaluation outside of the "accurate and informative" scope) were explicitly hinted at by the scenarios.,N/A