trial,item,goal,true_state,positivity,utterance,rt,time_elapsed,language,expt_aim,goal_thoughts,expt_general
1,poem,informative,heart2,was,good,58201,211659,English,Nuances in language, maybe for use in AI models?,No,No
2,review,social,heart3,wasn't,terrible,26883,238549,English,Nuances in language, maybe for use in AI models?,No,No
3,recital,informative,heart0,was,terrible,13405,251956,English,Nuances in language, maybe for use in AI models?,No,No
4,solo,both,heart3,was,amazing,10789,262746,English,Nuances in language, maybe for use in AI models?,No,No
5,cake,social,heart1,wasn't,bad,9908,272655,English,Nuances in language, maybe for use in AI models?,No,No
6,dance,both,heart0,wasn't,bad,13199,285855,English,Nuances in language, maybe for use in AI models?,No,No
7,painting,both,heart2,was,good,5053,290909,English,Nuances in language, maybe for use in AI models?,No,No
8,app,social,heart0,wasn't,bad,6416,297327,English,Nuances in language, maybe for use in AI models?,No,No
9,movie,both,heart1,wasn't,bad,14883,312211,English,Nuances in language, maybe for use in AI models?,No,No
10,monologue,social,heart2,was,amazing,8406,320618,English,Nuances in language, maybe for use in AI models?,No,No
11,song,informative,heart3,wasn't,terrible,10020,330639,English,Nuances in language, maybe for use in AI models?,No,No
12,presentation,informative,heart1,wasn't,good,9218,339858,English,Nuances in language, maybe for use in AI models?,No,No