trial,item,goal,true_state,positivity,utterance,rt,time_elapsed,language,expt_aim,goal_thoughts,expt_general
1,poem,social,heart2,wasn't,bad,54976,215779,English,Decision making,no,none
2,solo,both,heart1,was,amazing,17163,232960,English,Decision making,no,none
3,app,informative,heart3,was,terrible,67156,300119,English,Decision making,no,none
4,song,informative,heart0,wasn't,bad,58118,358240,English,Decision making,no,none
5,painting,both,heart3,was,amazing,26909,385152,English,Decision making,no,none
6,recital,informative,heart1,wasn't,bad,15804,400959,English,Decision making,no,none
7,presentation,social,heart3,was,amazing,4605,405567,English,Decision making,no,none
8,monologue,informative,heart2,was,good,6869,412439,English,Decision making,no,none
9,cake,social,heart1,wasn't,bad,15421,427863,English,Decision making,no,none
10,review,both,heart0,wasn't,bad,25765,453631,English,Decision making,no,none
11,movie,both,heart2,was,good,5376,459010,English,Decision making,no,none
12,dance,social,heart0,wasn't,bad,30937,489951,English,Decision making,no,none