trial,item,goal,true_state,positivity,utterance,rt,time_elapsed,language,expt_aim,goal_thoughts,expt_general
1,monologue,informative,heart2,was,good,19620,46569,English,To see if people would use was or wasn't more to describe the ratings?,To properly rate their experience,
2,dance,both,heart3,was,amazing,4462,51038,English,To see if people would use was or wasn't more to describe the ratings?,To properly rate their experience,
3,recital,social,heart2,wasn't,terrible,7806,58846,English,To see if people would use was or wasn't more to describe the ratings?,To properly rate their experience,
4,presentation,both,heart1,was,bad,3780,62627,English,To see if people would use was or wasn't more to describe the ratings?,To properly rate their experience,
5,review,informative,heart3,was,amazing,4268,66897,English,To see if people would use was or wasn't more to describe the ratings?,To properly rate their experience,
6,movie,both,heart0,was,terrible,3662,70560,English,To see if people would use was or wasn't more to describe the ratings?,To properly rate their experience,
7,app,social,heart1,was,bad,8752,79313,English,To see if people would use was or wasn't more to describe the ratings?,To properly rate their experience,
8,cake,informative,heart0,was,terrible,3276,82590,English,To see if people would use was or wasn't more to describe the ratings?,To properly rate their experience,
9,poem,social,heart3,was,amazing,3179,85770,English,To see if people would use was or wasn't more to describe the ratings?,To properly rate their experience,
10,song,social,heart0,was,terrible,5107,90879,English,To see if people would use was or wasn't more to describe the ratings?,To properly rate their experience,
11,solo,informative,heart1,wasn't,terrible,3367,94246,English,To see if people would use was or wasn't more to describe the ratings?,To properly rate their experience,
12,painting,both,heart2,was,good,9784,104031,English,To see if people would use was or wasn't more to describe the ratings?,To properly rate their experience,