trial,item,goal,true_state,positivity,utterance,rt,time_elapsed,language,expt_aim,goal_thoughts,expt_general
1,poem,both,heart3,was,amazing,35348,91498,Enlish,judging reviews,no,its good
2,monologue,social,heart2,wasn't,bad,33784,125310,Enlish,judging reviews,no,its good
3,painting,social,heart0,was,bad,34093,159409,Enlish,judging reviews,no,its good
4,review,informative,heart3,was,good,20991,180406,Enlish,judging reviews,no,its good
5,app,informative,heart1,wasn't,good,18138,198547,Enlish,judging reviews,no,its good
6,movie,social,heart3,was,good,18792,217345,Enlish,judging reviews,no,its good
7,solo,informative,heart2,was,good,16591,233942,Enlish,judging reviews,no,its good
8,song,social,heart1,wasn't,bad,10073,244018,Enlish,judging reviews,no,its good
9,recital,both,heart0,wasn't,terrible,10031,254055,Enlish,judging reviews,no,its good
10,dance,both,heart2,was,good,12697,266756,Enlish,judging reviews,no,its good
11,presentation,informative,heart0,was,terrible,12381,279142,Enlish,judging reviews,no,its good
12,cake,both,heart1,wasn't,bad,13377,292525,Enlish,judging reviews,no,its good