trial,item,goal,true_state,positivity,utterance,rt,time_elapsed,language,expt_aim,goal_thoughts,expt_general
1,song,social,heart1,was,good,20945,38394,English,I'm not sure,I don't think so,
2,movie,social,heart2,was,good,33571,71975,English,I'm not sure,I don't think so,
3,poem,both,heart0,was,bad,19211,91187,English,I'm not sure,I don't think so,
4,cake,both,heart3,was,amazing,19449,110639,English,I'm not sure,I don't think so,
5,presentation,informative,heart0,was,bad,34219,144860,English,I'm not sure,I don't think so,
6,dance,both,heart2,was,good,93690,238551,English,I'm not sure,I don't think so,
7,review,social,heart0,was,terrible,7072,245624,English,I'm not sure,I don't think so,
8,recital,social,heart3,was,good,8837,254462,English,I'm not sure,I don't think so,
9,monologue,informative,heart2,wasn't,amazing,7415,261878,English,I'm not sure,I don't think so,
10,painting,informative,heart1,was,bad,13153,275032,English,I'm not sure,I don't think so,
11,app,informative,heart3,wasn't,amazing,5943,280977,English,I'm not sure,I don't think so,
12,solo,both,heart1,was,good,11473,292451,English,I'm not sure,I don't think so,