trial,item,goal,true_state,positivity,utterance,rt,time_elapsed,language,expt_aim,goal_thoughts,expt_general
1,movie,both,heart3,was,amazing,19530,53184,English,Reading the tasks,I honestly do not know,
2,painting,informative,heart2,was,amazing,8054,61251,English,Reading the tasks,I honestly do not know,
3,review,social,heart0,was,amazing,4118,65376,English,Reading the tasks,I honestly do not know,
4,recital,social,heart2,was,amazing,10844,76228,English,Reading the tasks,I honestly do not know,
5,app,both,heart1,was,amazing,7571,83807,English,Reading the tasks,I honestly do not know,
6,monologue,informative,heart0,was,amazing,5354,89168,English,Reading the tasks,I honestly do not know,
7,solo,informative,heart3,was,amazing,4936,94112,English,Reading the tasks,I honestly do not know,
8,dance,both,heart0,was,amazing,4719,98837,English,Reading the tasks,I honestly do not know,
9,presentation,informative,heart1,was,amazing,5838,104681,English,Reading the tasks,I honestly do not know,
10,poem,both,heart2,was,amazing,3969,108656,English,Reading the tasks,I honestly do not know,
11,cake,social,heart3,was,amazing,6190,114853,English,Reading the tasks,I honestly do not know,
12,song,social,heart1,was,amazing,6255,121115,English,Reading the tasks,I honestly do not know,