trial,item,goal,true_state,positivity,utterance,rt,time_elapsed,language,expt_aim,goal_thoughts,expt_general
1,monologue,informative,heart0,was,terrible,48474,403179,English,How people couch their language depending on the situation,People usually have many additional motives,
2,solo,social,heart2,was,amazing,18782,421974,English,How people couch their language depending on the situation,People usually have many additional motives,
3,movie,social,heart3,was,amazing,13293,435270,English,How people couch their language depending on the situation,People usually have many additional motives,
4,poem,social,heart1,wasn't,bad,26523,461797,English,How people couch their language depending on the situation,People usually have many additional motives,
5,dance,informative,heart3,was,amazing,29916,491717,English,How people couch their language depending on the situation,People usually have many additional motives,
6,painting,informative,heart1,was,bad,20050,511769,English,How people couch their language depending on the situation,People usually have many additional motives,
7,app,both,heart2,was,good,17913,529687,English,How people couch their language depending on the situation,People usually have many additional motives,
8,review,both,heart0,wasn't,amazing,30527,560218,English,How people couch their language depending on the situation,People usually have many additional motives,
9,cake,both,heart3,was,amazing,8184,568405,English,How people couch their language depending on the situation,People usually have many additional motives,
10,presentation,social,heart0,wasn't,amazing,25927,594336,English,How people couch their language depending on the situation,People usually have many additional motives,
11,song,informative,heart2,was,good,12876,607214,English,How people couch their language depending on the situation,People usually have many additional motives,
12,recital,both,heart1,wasn't,terrible,21156,628372,English,How people couch their language depending on the situation,People usually have many additional motives,