trial,item,goal,true_state,positivity,utterance,rt,time_elapsed,language,expt_aim,goal_thoughts,expt_general
1,song,both,heart3,was,amazing,27565,41581,English,I have no idea!,To hide their true feelings?,
2,recital,social,heart1,was,amazing,10942,52530,English,I have no idea!,To hide their true feelings?,
3,presentation,social,heart2,was,good,21766,74306,English,I have no idea!,To hide their true feelings?,
4,solo,both,heart1,was,amazing,8163,82478,English,I have no idea!,To hide their true feelings?,
5,monologue,informative,heart2,was,good,11550,94039,English,I have no idea!,To hide their true feelings?,
6,cake,informative,heart0,was,good,10822,104871,English,I have no idea!,To hide their true feelings?,
7,painting,social,heart3,was,good,16237,121117,English,I have no idea!,To hide their true feelings?,
8,dance,both,heart0,was,amazing,8088,129214,English,I have no idea!,To hide their true feelings?,
9,poem,informative,heart3,was,good,10411,139634,English,I have no idea!,To hide their true feelings?,
10,app,social,heart0,was,good,7049,146692,English,I have no idea!,To hide their true feelings?,
11,review,informative,heart1,was,good,7745,154442,English,I have no idea!,To hide their true feelings?,
12,movie,both,heart2,was,amazing,5289,159754,English,I have no idea!,To hide their true feelings?,