trial,item,goal,true_state,positivity,utterance,rt,time_elapsed,language,expt_aim,goal_thoughts,expt_general
1,movie,informative,heart0,was,terrible,32490,74548,English,I'm honestly not sure! It was harder than I thought it would be. I hate lying. :),I have no idea. This was an interesting study!,
2,solo,informative,heart1,wasn't,bad,21924,96480,English,I'm honestly not sure! It was harder than I thought it would be. I hate lying. :),I have no idea. This was an interesting study!,
3,dance,social,heart2,was,amazing,18606,115087,English,I'm honestly not sure! It was harder than I thought it would be. I hate lying. :),I have no idea. This was an interesting study!,
4,song,social,heart1,was,good,16624,131713,English,I'm honestly not sure! It was harder than I thought it would be. I hate lying. :),I have no idea. This was an interesting study!,
5,review,informative,heart3,was,good,20411,152126,English,I'm honestly not sure! It was harder than I thought it would be. I hate lying. :),I have no idea. This was an interesting study!,
6,recital,both,heart1,wasn't,bad,19296,171423,English,I'm honestly not sure! It was harder than I thought it would be. I hate lying. :),I have no idea. This was an interesting study!,
7,monologue,both,heart2,was,good,11035,182459,English,I'm honestly not sure! It was harder than I thought it would be. I hate lying. :),I have no idea. This was an interesting study!,
8,painting,both,heart0,wasn't,amazing,64897,247357,English,I'm honestly not sure! It was harder than I thought it would be. I hate lying. :),I have no idea. This was an interesting study!,
9,poem,social,heart3,was,good,10733,258092,English,I'm honestly not sure! It was harder than I thought it would be. I hate lying. :),I have no idea. This was an interesting study!,
10,presentation,social,heart0,was,good,10302,268394,English,I'm honestly not sure! It was harder than I thought it would be. I hate lying. :),I have no idea. This was an interesting study!,
11,app,both,heart3,was,amazing,7478,275873,English,I'm honestly not sure! It was harder than I thought it would be. I hate lying. :),I have no idea. This was an interesting study!,
12,cake,informative,heart2,wasn't,terrible,16453,292327,English,I'm honestly not sure! It was harder than I thought it would be. I hate lying. :),I have no idea. This was an interesting study!,