trial,item,goal,true_state,positivity,utterance,rt,time_elapsed,language,expt_aim,goal_thoughts,expt_general
1,dance,social,heart1,was,good,20948,55344,English,The use of was/wasn't,no,no
2,presentation,both,heart2,was,good,12313,67678,English,The use of was/wasn't,no,no
3,solo,informative,heart0,wasn't,good,9128,76811,English,The use of was/wasn't,no,no
4,song,both,heart3,was,amazing,8723,85538,English,The use of was/wasn't,no,no
5,app,informative,heart1,was,terrible,8754,94295,English,The use of was/wasn't,no,no
6,cake,informative,heart2,was,good,13395,107694,English,The use of was/wasn't,no,no
7,movie,both,heart0,wasn't,amazing,12268,119965,English,The use of was/wasn't,no,no
8,poem,informative,heart3,wasn't,bad,8830,128799,English,The use of was/wasn't,no,no
9,recital,social,heart0,wasn't,terrible,10505,139307,English,The use of was/wasn't,no,no
10,painting,both,heart1,wasn't,terrible,12918,152228,English,The use of was/wasn't,no,no
11,monologue,social,heart2,was,amazing,7458,159689,English,The use of was/wasn't,no,no
12,review,social,heart3,wasn't,terrible,7557,167248,English,The use of was/wasn't,no,no