trial,item,goal,true_state,positivity,utterance,rt,time_elapsed,language,expt_aim,goal_thoughts,expt_general
1,dance,social,heart3,was,amazing,49766,666646,English,strategies peop,le use when giving feedback,make the person fweel good and give accurate information ,
2,poem,informative,heart0,was,amazing,26754,693450,English,strategies peop,le use when giving feedback,make the person fweel good and give accurate information ,
3,recital,informative,heart2,was,good,38279,731732,English,strategies peop,le use when giving feedback,make the person fweel good and give accurate information ,
4,cake,informative,heart1,was,amazing,22840,754574,English,strategies peop,le use when giving feedback,make the person fweel good and give accurate information ,
5,review,informative,heart3,was,amazing,32260,786836,English,strategies peop,le use when giving feedback,make the person fweel good and give accurate information ,
6,solo,social,heart1,wasn't,amazing,25508,812346,English,strategies peop,le use when giving feedback,make the person fweel good and give accurate information ,
7,app,social,heart2,was,good,7806,820154,English,strategies peop,le use when giving feedback,make the person fweel good and give accurate information ,
8,painting,both,heart1,was,terrible,5546,825702,English,strategies peop,le use when giving feedback,make the person fweel good and give accurate information ,
9,song,both,heart3,was,amazing,5163,830868,English,strategies peop,le use when giving feedback,make the person fweel good and give accurate information ,
10,movie,both,heart0,was,terrible,30170,861040,English,strategies peop,le use when giving feedback,make the person fweel good and give accurate information ,
11,presentation,both,heart2,was,good,13895,874938,English,strategies peop,le use when giving feedback,make the person fweel good and give accurate information ,
12,monologue,social,heart0,was,bad,6749,881688,English,strategies peop,le use when giving feedback,make the person fweel good and give accurate information ,