trial,item,goal,true_state,positivity,utterance,rt,time_elapsed,language,expt_aim,goal_thoughts,expt_general
1,painting,social,heart1,was,good,37303,68411,English,Language inferences?,Not sure,
2,app,both,heart2,was,good,20836,89250,English,Language inferences?,Not sure,
3,presentation,informative,heart0,wasn't,terrible,30070,119321,English,Language inferences?,Not sure,
4,song,social,heart3,was,amazing,19838,139160,English,Language inferences?,Not sure,
5,cake,informative,heart1,wasn't,good,26294,165455,English,Language inferences?,Not sure,
6,monologue,informative,heart2,wasn't,bad,29598,195054,English,Language inferences?,Not sure,
7,solo,both,heart0,wasn't,bad,34734,229788,English,Language inferences?,Not sure,
8,dance,both,heart1,wasn't,terrible,49310,279098,English,Language inferences?,Not sure,
9,poem,social,heart2,was,amazing,17742,296842,English,Language inferences?,Not sure,
10,recital,both,heart3,was,amazing,14991,311833,English,Language inferences?,Not sure,
11,movie,social,heart0,was,amazing,19838,331672,English,Language inferences?,Not sure,
12,review,informative,heart3,wasn't,bad,20550,352224,English,Language inferences?,Not sure,