trial,item,goal,true_state,positivity,utterance,rt,time_elapsed,language,expt_aim,goal_thoughts,expt_general
1,poem,informative,heart0,wasn't,terrible,26101,277242,English,How using negatives to not tell how someone really feels.,Not sure.,None
2,cake,both,heart2,was,good,167588,444837,English,How using negatives to not tell how someone really feels.,Not sure.,None
3,presentation,informative,heart1,was,bad,52722,497561,English,How using negatives to not tell how someone really feels.,Not sure.,None
4,painting,social,heart3,was,amazing,10009,507571,English,How using negatives to not tell how someone really feels.,Not sure.,None
5,review,both,heart1,wasn't,bad,7719,515291,English,How using negatives to not tell how someone really feels.,Not sure.,None
6,monologue,social,heart2,was,good,8455,523747,English,How using negatives to not tell how someone really feels.,Not sure.,None
7,song,both,heart3,was,amazing,8895,532643,English,How using negatives to not tell how someone really feels.,Not sure.,None
8,movie,both,heart0,wasn't,amazing,15411,548055,English,How using negatives to not tell how someone really feels.,Not sure.,None
9,recital,social,heart1,wasn't,bad,12465,560521,English,How using negatives to not tell how someone really feels.,Not sure.,None
10,dance,informative,heart3,wasn't,terrible,9605,570127,English,How using negatives to not tell how someone really feels.,Not sure.,None
11,solo,informative,heart2,wasn't,bad,9725,579853,English,How using negatives to not tell how someone really feels.,Not sure.,None
12,app,social,heart0,wasn't,amazing,7287,587141,English,How using negatives to not tell how someone really feels.,Not sure.,None