trial,item,goal,true_state,positivity,utterance,rt,time_elapsed,language,expt_aim,goal_thoughts,expt_general
1,song,social,heart3,was,good,27864,197833,English,How people would word their feedback under certain conditions,No,
2,solo,informative,heart0,wasn't,good,23276,221116,English,How people would word their feedback under certain conditions,No,
3,poem,informative,heart1,wasn't,bad,13473,234590,English,How people would word their feedback under certain conditions,No,
4,cake,informative,heart3,was,good,10697,245289,English,How people would word their feedback under certain conditions,No,
5,dance,social,heart2,was,good,16501,261791,English,How people would word their feedback under certain conditions,No,
6,review,social,heart1,wasn't,bad,21114,282906,English,How people would word their feedback under certain conditions,No,
7,recital,informative,heart2,was,good,8239,291146,English,How people would word their feedback under certain conditions,No,
8,painting,both,heart0,wasn't,amazing,22453,313601,English,How people would word their feedback under certain conditions,No,
9,monologue,both,heart2,was,good,7844,321447,English,How people would word their feedback under certain conditions,No,
10,presentation,both,heart1,wasn't,bad,5300,326748,English,How people would word their feedback under certain conditions,No,
11,movie,both,heart3,was,amazing,8620,335370,English,How people would word their feedback under certain conditions,No,
12,app,social,heart0,wasn't,terrible,5776,341147,English,How people would word their feedback under certain conditions,No,