trial,item,goal,true_state,positivity,utterance,rt,time_elapsed,language,expt_aim,goal_thoughts,expt_general
1,review,both,heart2,was,good,51721,100524,English,Sentiments in judgement ,No,
2,poem,informative,heart0,was,terrible,73303,173888,English,Sentiments in judgement ,No,
3,cake,both,heart1,wasn't,bad,33234,207136,English,Sentiments in judgement ,No,
4,monologue,informative,heart2,was,good,107385,314539,English,Sentiments in judgement ,No,
5,dance,both,heart3,was,amazing,61617,376174,English,Sentiments in judgement ,No,
6,painting,social,heart0,wasn't,terrible,38713,414909,English,Sentiments in judgement ,No,
7,app,informative,heart3,was,amazing,4764,419685,English,Sentiments in judgement ,No,
8,movie,social,heart2,was,amazing,43671,463369,English,Sentiments in judgement ,No,
9,recital,both,heart0,wasn't,terrible,27972,491373,English,Sentiments in judgement ,No,
10,presentation,social,heart1,was,bad,13230,504621,English,Sentiments in judgement ,No,
11,solo,social,heart3,was,amazing,6057,510692,English,Sentiments in judgement ,No,
12,song,informative,heart1,wasn't,bad,21156,531860,English,Sentiments in judgement ,No,