trial,item,goal,true_state,positivity,utterance,rt,time_elapsed,language,expt_aim,goal_thoughts,expt_general
1,dance,informative,heart1,wasn't,good,89470,137717,English,Predicting what people would say to certain events,Not at all.,
2,review,both,heart2,was,good,49981,187755,English,Predicting what people would say to certain events,Not at all.,
3,recital,social,heart0,wasn't,terrible,53343,241114,English,Predicting what people would say to certain events,Not at all.,
4,presentation,social,heart1,was,bad,8594,249723,English,Predicting what people would say to certain events,Not at all.,
5,painting,both,heart0,wasn't,terrible,39761,289506,English,Predicting what people would say to certain events,Not at all.,
6,monologue,informative,heart3,was,amazing,10905,300425,English,Predicting what people would say to certain events,Not at all.,
7,cake,social,heart2,was,good,35907,336345,English,Predicting what people would say to certain events,Not at all.,
8,poem,informative,heart0,was,terrible,14120,350481,English,Predicting what people would say to certain events,Not at all.,
9,movie,both,heart3,was,amazing,5724,356217,English,Predicting what people would say to certain events,Not at all.,
10,song,informative,heart2,was,good,25578,381809,English,Predicting what people would say to certain events,Not at all.,
11,app,social,heart3,was,amazing,6187,388008,English,Predicting what people would say to certain events,Not at all.,
12,solo,both,heart1,wasn't,bad,8251,396272,English,Predicting what people would say to certain events,Not at all.,