trial,item,goal,true_state,positivity,utterance,rt,time_elapsed,language,expt_aim,goal_thoughts,expt_general
1,review,informative,heart1,was,good,18996,96862,English,not sure,no,fun!
2,solo,social,heart2,was,amazing,13252,110121,English,not sure,no,fun!
3,poem,informative,heart3,was,amazing,6520,116644,English,not sure,no,fun!
4,dance,informative,heart2,was,good,12071,128717,English,not sure,no,fun!
5,painting,social,heart0,was,good,25999,154718,English,not sure,no,fun!
6,cake,social,heart3,was,amazing,5759,160479,English,not sure,no,fun!
7,song,both,heart2,was,good,20818,181299,English,not sure,no,fun!
8,monologue,both,heart1,was,good,7096,188399,English,not sure,no,fun!
9,movie,informative,heart0,wasn't,bad,19396,207798,English,not sure,no,fun!
10,presentation,both,heart3,was,amazing,5572,213373,English,not sure,no,fun!
11,recital,both,heart0,wasn't,bad,15218,228593,English,not sure,no,fun!
12,app,social,heart1,was,good,6616,235212,English,not sure,no,fun!