trial,item,goal,true_state,positivity,utterance,rt,time_elapsed,language,expt_aim,goal_thoughts,expt_general
1,presentation,informative,heart1,wasn't,terrible,17707,36558,English,I don't know,I think some of them were trying to be "nice", or at least not harm someone emotionally.,I've never done a task like this one before.
2,dance,both,heart2,was,good,6358,42927,English,I don't know,I think some of them were trying to be "nice", or at least not harm someone emotionally.,I've never done a task like this one before.
3,monologue,social,heart0,wasn't,good,5316,48247,English,I don't know,I think some of them were trying to be "nice", or at least not harm someone emotionally.,I've never done a task like this one before.
4,song,social,heart2,was,amazing,6506,54756,English,I don't know,I think some of them were trying to be "nice", or at least not harm someone emotionally.,I've never done a task like this one before.
5,recital,social,heart1,wasn't,bad,10673,65432,English,I don't know,I think some of them were trying to be "nice", or at least not harm someone emotionally.,I've never done a task like this one before.
6,app,both,heart3,was,amazing,7329,72764,English,I don't know,I think some of them were trying to be "nice", or at least not harm someone emotionally.,I've never done a task like this one before.
7,painting,informative,heart2,was,good,9158,81925,English,I don't know,I think some of them were trying to be "nice", or at least not harm someone emotionally.,I've never done a task like this one before.
8,solo,informative,heart3,was,amazing,5333,87262,English,I don't know,I think some of them were trying to be "nice", or at least not harm someone emotionally.,I've never done a task like this one before.
9,cake,informative,heart0,was,bad,7174,94437,English,I don't know,I think some of them were trying to be "nice", or at least not harm someone emotionally.,I've never done a task like this one before.
10,review,social,heart3,was,amazing,5693,100134,English,I don't know,I think some of them were trying to be "nice", or at least not harm someone emotionally.,I've never done a task like this one before.
11,poem,both,heart0,wasn't,good,5211,105348,English,I don't know,I think some of them were trying to be "nice", or at least not harm someone emotionally.,I've never done a task like this one before.
12,movie,both,heart1,wasn't,bad,8021,113372,English,I don't know,I think some of them were trying to be "nice", or at least not harm someone emotionally.,I've never done a task like this one before.