trial,item,goal,true_state,positivity,utterance,rt,time_elapsed,language,expt_aim,goal_thoughts,expt_general
1,app,informative,heart0,wasn't,bad,49313,59051,English,The way people approach feedback and how the delivery changes the context.,No.,They were all too similar, so my answers were the same throughout a lot of them. I think you should include some where it’s one heart or two heart instead of all three heart reviews.
2,painting,social,heart1,wasn't,bad,22075,81137,English,The way people approach feedback and how the delivery changes the context.,No.,They were all too similar, so my answers were the same throughout a lot of them. I think you should include some where it’s one heart or two heart instead of all three heart reviews.
3,poem,social,heart3,wasn't,bad,14594,95740,English,The way people approach feedback and how the delivery changes the context.,No.,They were all too similar, so my answers were the same throughout a lot of them. I think you should include some where it’s one heart or two heart instead of all three heart reviews.
4,review,social,heart2,wasn't,bad,8065,103809,English,The way people approach feedback and how the delivery changes the context.,No.,They were all too similar, so my answers were the same throughout a lot of them. I think you should include some where it’s one heart or two heart instead of all three heart reviews.
5,recital,informative,heart1,wasn't,bad,8412,112227,English,The way people approach feedback and how the delivery changes the context.,No.,They were all too similar, so my answers were the same throughout a lot of them. I think you should include some where it’s one heart or two heart instead of all three heart reviews.
6,cake,social,heart0,wasn't,bad,8297,120528,English,The way people approach feedback and how the delivery changes the context.,No.,They were all too similar, so my answers were the same throughout a lot of them. I think you should include some where it’s one heart or two heart instead of all three heart reviews.
7,presentation,both,heart1,was,amazing,30802,151335,English,The way people approach feedback and how the delivery changes the context.,No.,They were all too similar, so my answers were the same throughout a lot of them. I think you should include some where it’s one heart or two heart instead of all three heart reviews.
8,song,both,heart3,was,amazing,9710,161050,English,The way people approach feedback and how the delivery changes the context.,No.,They were all too similar, so my answers were the same throughout a lot of them. I think you should include some where it’s one heart or two heart instead of all three heart reviews.
9,solo,both,heart2,was,amazing,4739,165793,English,The way people approach feedback and how the delivery changes the context.,No.,They were all too similar, so my answers were the same throughout a lot of them. I think you should include some where it’s one heart or two heart instead of all three heart reviews.
10,dance,both,heart0,was,amazing,5038,170835,English,The way people approach feedback and how the delivery changes the context.,No.,They were all too similar, so my answers were the same throughout a lot of them. I think you should include some where it’s one heart or two heart instead of all three heart reviews.
11,movie,informative,heart2,wasn't,bad,13683,184522,English,The way people approach feedback and how the delivery changes the context.,No.,They were all too similar, so my answers were the same throughout a lot of them. I think you should include some where it’s one heart or two heart instead of all three heart reviews.
12,monologue,informative,heart3,wasn't,bad,7072,191599,English,The way people approach feedback and how the delivery changes the context.,No.,They were all too similar, so my answers were the same throughout a lot of them. I think you should include some where it’s one heart or two heart instead of all three heart reviews.