trial,item,goal,true_state,positivity,utterance,rt,time_elapsed,language,expt_aim,goal_thoughts,expt_general
1,dance,both,heart0,was,good,52463,100858,English,giving  an appropriate response at a given situation or answer how people are needed to respond to situations,Yes maybe to learn how different people respond to different matters,
2,app,social,heart2,was,amazing,29308,130177,English,giving  an appropriate response at a given situation or answer how people are needed to respond to situations,Yes maybe to learn how different people respond to different matters,
3,monologue,social,heart3,was,amazing,20494,150673,English,giving  an appropriate response at a given situation or answer how people are needed to respond to situations,Yes maybe to learn how different people respond to different matters,
4,presentation,informative,heart1,wasn't,bad,21006,171681,English,giving  an appropriate response at a given situation or answer how people are needed to respond to situations,Yes maybe to learn how different people respond to different matters,
5,poem,both,heart3,was,amazing,26886,198569,English,giving  an appropriate response at a given situation or answer how people are needed to respond to situations,Yes maybe to learn how different people respond to different matters,
6,painting,informative,heart0,wasn't,bad,36030,234601,English,giving  an appropriate response at a given situation or answer how people are needed to respond to situations,Yes maybe to learn how different people respond to different matters,
7,movie,social,heart1,wasn't,bad,16797,251400,English,giving  an appropriate response at a given situation or answer how people are needed to respond to situations,Yes maybe to learn how different people respond to different matters,
8,solo,informative,heart2,was,good,28518,279920,English,giving  an appropriate response at a given situation or answer how people are needed to respond to situations,Yes maybe to learn how different people respond to different matters,
9,cake,informative,heart3,was,amazing,28989,308912,English,giving  an appropriate response at a given situation or answer how people are needed to respond to situations,Yes maybe to learn how different people respond to different matters,
10,review,both,heart1,wasn't,bad,19646,328560,English,giving  an appropriate response at a given situation or answer how people are needed to respond to situations,Yes maybe to learn how different people respond to different matters,
11,song,social,heart0,wasn't,terrible,148077,476640,English,giving  an appropriate response at a given situation or answer how people are needed to respond to situations,Yes maybe to learn how different people respond to different matters,
12,recital,both,heart2,was,good,9950,486592,English,giving  an appropriate response at a given situation or answer how people are needed to respond to situations,Yes maybe to learn how different people respond to different matters,