trial,item,goal,true_state,positivity,utterance,rt,time_elapsed,language,expt_aim,goal_thoughts,expt_general
1,movie,both,heart3,was,amazing,30875,41730,English ,One’s feelings ,No,No
2,presentation,both,heart2,was,amazing,21869,63612,English ,One’s feelings ,No,No
3,app,both,heart0,was,amazing,7094,70712,English ,One’s feelings ,No,No
4,review,informative,heart1,was,amazing,12994,83712,English ,One’s feelings ,No,No
5,song,informative,heart0,was,amazing,5562,89280,English ,One’s feelings ,No,No
6,monologue,social,heart3,was,amazing,6246,95531,English ,One’s feelings ,No,No
7,poem,social,heart0,was,good,23295,118831,English ,One’s feelings ,No,No
8,dance,social,heart1,was,good,13108,131948,English ,One’s feelings ,No,No
9,cake,social,heart2,was,good,15447,147400,English ,One’s feelings ,No,No
10,recital,both,heart1,was,amazing,17832,165236,English ,One’s feelings ,No,No
11,painting,informative,heart2,wasn't,bad,17212,182453,English ,One’s feelings ,No,No
12,solo,informative,heart3,wasn't,terrible,24330,206787,English ,One’s feelings ,No,No