trial,item,goal,true_state,positivity,utterance,rt,time_elapsed,language,expt_aim,goal_thoughts,expt_general
1,cake,informative,heart2,wasn't,bad,24509,28369,English,How people play around with words.,No.,
2,monologue,informative,heart3,wasn't,bad,18381,46755,English,How people play around with words.,No.,
3,recital,informative,heart0,wasn't,bad,12125,58884,English,How people play around with words.,No.,
4,dance,both,heart3,was,amazing,10415,69303,English,How people play around with words.,No.,
5,review,informative,heart1,wasn't,bad,18977,88282,English,How people play around with words.,No.,
6,solo,both,heart0,was,amazing,11336,99623,English,How people play around with words.,No.,
7,painting,social,heart2,wasn't,terrible,25543,125169,English,How people play around with words.,No.,
8,poem,social,heart0,was,good,34915,160086,English,How people play around with words.,No.,
9,presentation,both,heart1,was,amazing,15672,175762,English,How people play around with words.,No.,
10,app,social,heart3,was,good,15841,191606,English,How people play around with words.,No.,
11,movie,both,heart2,was,amazing,8303,199912,English,How people play around with words.,No.,
12,song,social,heart1,was,good,24690,224605,English,How people play around with words.,No.,