trial,item,goal,true_state,positivity,utterance,rt,time_elapsed,language,expt_aim,goal_thoughts,expt_general
1,song,informative,heart1,was,terrible,49431,74920,English,How people will with limited word expressions,I think the goal people had in mind was to meet an even ground as to what to chose to express themselves with the option choices,No comments thanks
2,presentation,informative,heart3,wasn't,bad,42079,117004,English,How people will with limited word expressions,I think the goal people had in mind was to meet an even ground as to what to chose to express themselves with the option choices,No comments thanks
3,app,social,heart0,was,good,26813,143818,English,How people will with limited word expressions,I think the goal people had in mind was to meet an even ground as to what to chose to express themselves with the option choices,No comments thanks
4,dance,social,heart3,was,amazing,14447,158266,English,How people will with limited word expressions,I think the goal people had in mind was to meet an even ground as to what to chose to express themselves with the option choices,No comments thanks
5,recital,informative,heart0,wasn't,good,12613,170880,English,How people will with limited word expressions,I think the goal people had in mind was to meet an even ground as to what to chose to express themselves with the option choices,No comments thanks
6,cake,social,heart1,was,amazing,14917,185798,English,How people will with limited word expressions,I think the goal people had in mind was to meet an even ground as to what to chose to express themselves with the option choices,No comments thanks
7,solo,both,heart3,was,amazing,11059,196859,English,How people will with limited word expressions,I think the goal people had in mind was to meet an even ground as to what to chose to express themselves with the option choices,No comments thanks
8,painting,informative,heart2,wasn't,terrible,11194,208053,English,How people will with limited word expressions,I think the goal people had in mind was to meet an even ground as to what to chose to express themselves with the option choices,No comments thanks
9,monologue,both,heart1,was,amazing,15369,223423,English,How people will with limited word expressions,I think the goal people had in mind was to meet an even ground as to what to chose to express themselves with the option choices,No comments thanks
10,review,both,heart2,was,amazing,4640,228064,English,How people will with limited word expressions,I think the goal people had in mind was to meet an even ground as to what to chose to express themselves with the option choices,No comments thanks
11,movie,both,heart0,was,good,19046,247111,English,How people will with limited word expressions,I think the goal people had in mind was to meet an even ground as to what to chose to express themselves with the option choices,No comments thanks
12,poem,social,heart2,was,amazing,6157,253269,English,How people will with limited word expressions,I think the goal people had in mind was to meet an even ground as to what to chose to express themselves with the option choices,No comments thanks