trial,item,goal,true_state,positivity,utterance,rt,time_elapsed,language,expt_aim,goal_thoughts,expt_general
1,dance,both,heart0,was,bad,223032,858635,English,How we word feedback to let others down,No,No
2,cake,social,heart3,was,amazing,10046,868689,English,How we word feedback to let others down,No,No
3,monologue,social,heart2,was,good,36462,905153,English,How we word feedback to let others down,No,No
4,movie,informative,heart1,wasn't,good,5523,910678,English,How we word feedback to let others down,No,No
5,solo,both,heart3,was,amazing,6377,917056,English,How we word feedback to let others down,No,No
6,poem,both,heart2,was,good,5071,922130,English,How we word feedback to let others down,No,No
7,painting,informative,heart3,wasn't,bad,13748,935879,English,How we word feedback to let others down,No,No
8,recital,informative,heart2,wasn't,terrible,7365,943246,English,How we word feedback to let others down,No,No
9,review,both,heart1,wasn't,good,7956,951205,English,How we word feedback to let others down,No,No
10,app,social,heart0,was,good,5954,957161,English,How we word feedback to let others down,No,No
11,presentation,social,heart1,wasn't,terrible,5627,962789,English,How we word feedback to let others down,No,No
12,song,informative,heart0,was,terrible,8287,971078,English,How we word feedback to let others down,No,No