trial,item,goal,true_state,positivity,utterance,rt,time_elapsed,language,expt_aim,goal_thoughts,expt_general
1,app,social,heart3,wasn't,bad,68572,108332,English ,I was about how people give feed back,No not really ,None thanks
2,painting,social,heart0,was,good,23084,131428,English ,I was about how people give feed back,No not really ,None thanks
3,movie,social,heart2,wasn't,amazing,34130,165564,English ,I was about how people give feed back,No not really ,None thanks
4,presentation,informative,heart1,wasn't,bad,51801,217370,English ,I was about how people give feed back,No not really ,None thanks
5,monologue,informative,heart0,wasn't,bad,67990,285366,English ,I was about how people give feed back,No not really ,None thanks
6,dance,both,heart3,was,amazing,49503,334876,English ,I was about how people give feed back,No not really ,None thanks
7,recital,informative,heart2,wasn't,bad,18644,353524,English ,I was about how people give feed back,No not really ,None thanks
8,review,social,heart1,wasn't,bad,19513,373044,English ,I was about how people give feed back,No not really ,None thanks
9,cake,informative,heart3,wasn't,bad,47340,420390,English ,I was about how people give feed back,No not really ,None thanks
10,poem,both,heart1,was,amazing,9311,429710,English ,I was about how people give feed back,No not really ,None thanks
11,solo,both,heart0,was,amazing,10870,440586,English ,I was about how people give feed back,No not really ,None thanks
12,song,both,heart2,was,amazing,8786,449379,English ,I was about how people give feed back,No not really ,None thanks