trial,item,goal,true_state,positivity,utterance,rt,time_elapsed,language,expt_aim,goal_thoughts,expt_general
1,song,informative,heart1,wasn't,bad,37369,45441,English,How honestly we express our opinions in different circumstances,no,no
2,movie,both,heart2,was,good,24244,69790,English,How honestly we express our opinions in different circumstances,no,no
3,monologue,social,heart0,wasn't,bad,32685,102493,English,How honestly we express our opinions in different circumstances,no,no
4,app,social,heart1,was,good,21913,124416,English,How honestly we express our opinions in different circumstances,no,no
5,presentation,informative,heart3,was,good,18455,142897,English,How honestly we express our opinions in different circumstances,no,no
6,painting,informative,heart2,wasn't,bad,12545,155466,English,How honestly we express our opinions in different circumstances,no,no
7,cake,both,heart1,wasn't,bad,10262,165743,English,How honestly we express our opinions in different circumstances,no,no
8,poem,both,heart0,wasn't,bad,22517,188278,English,How honestly we express our opinions in different circumstances,no,no
9,review,both,heart3,was,amazing,12299,200600,English,How honestly we express our opinions in different circumstances,no,no
10,dance,informative,heart0,wasn't,bad,13439,214063,English,How honestly we express our opinions in different circumstances,no,no
11,solo,social,heart3,was,amazing,13198,227272,English,How honestly we express our opinions in different circumstances,no,no
12,recital,social,heart2,was,amazing,10082,237377,English,How honestly we express our opinions in different circumstances,no,no