trial,item,goal,true_state,positivity,utterance,rt,time_elapsed,language,expt_aim,goal_thoughts,expt_general
1,solo,both,heart0,was,good,36552,72314,English,Something to do with how we use language to communicate how we feel, or how to not upset other people,concealing how they really feel to not upset someone, or maybe they didn't want to tell someone they don't like how good they are at something.,None.
2,poem,both,heart1,wasn't,bad,26984,99305,English,Something to do with how we use language to communicate how we feel, or how to not upset other people,concealing how they really feel to not upset someone, or maybe they didn't want to tell someone they don't like how good they are at something.,None.
3,cake,informative,heart2,wasn't,bad,33967,133273,English,Something to do with how we use language to communicate how we feel, or how to not upset other people,concealing how they really feel to not upset someone, or maybe they didn't want to tell someone they don't like how good they are at something.,None.
4,recital,informative,heart1,wasn't,terrible,62655,195929,English,Something to do with how we use language to communicate how we feel, or how to not upset other people,concealing how they really feel to not upset someone, or maybe they didn't want to tell someone they don't like how good they are at something.,None.
5,dance,both,heart3,was,amazing,11863,207793,English,Something to do with how we use language to communicate how we feel, or how to not upset other people,concealing how they really feel to not upset someone, or maybe they didn't want to tell someone they don't like how good they are at something.,None.
6,movie,informative,heart0,was,terrible,30279,238073,English,Something to do with how we use language to communicate how we feel, or how to not upset other people,concealing how they really feel to not upset someone, or maybe they didn't want to tell someone they don't like how good they are at something.,None.
7,review,both,heart2,was,good,13854,251929,English,Something to do with how we use language to communicate how we feel, or how to not upset other people,concealing how they really feel to not upset someone, or maybe they didn't want to tell someone they don't like how good they are at something.,None.
8,monologue,informative,heart3,wasn't,bad,24150,276081,English,Something to do with how we use language to communicate how we feel, or how to not upset other people,concealing how they really feel to not upset someone, or maybe they didn't want to tell someone they don't like how good they are at something.,None.
9,painting,social,heart1,was,amazing,32958,309041,English,Something to do with how we use language to communicate how we feel, or how to not upset other people,concealing how they really feel to not upset someone, or maybe they didn't want to tell someone they don't like how good they are at something.,None.
10,presentation,social,heart0,was,good,19503,328545,English,Something to do with how we use language to communicate how we feel, or how to not upset other people,concealing how they really feel to not upset someone, or maybe they didn't want to tell someone they don't like how good they are at something.,None.
11,app,social,heart3,wasn't,bad,19655,348201,English,Something to do with how we use language to communicate how we feel, or how to not upset other people,concealing how they really feel to not upset someone, or maybe they didn't want to tell someone they don't like how good they are at something.,None.
12,song,social,heart2,wasn't,bad,24375,372577,English,Something to do with how we use language to communicate how we feel, or how to not upset other people,concealing how they really feel to not upset someone, or maybe they didn't want to tell someone they don't like how good they are at something.,None.