trial,item,goal,true_state,positivity,utterance,rt,time_elapsed,language,expt_aim,goal_thoughts,expt_general
1,presentation,both,heart3,was,amazing,35967,115226,english,how if seeing how many hearts they had influenced the results,To keep them in check,
2,monologue,social,heart0,wasn't,bad,34861,150103,english,how if seeing how many hearts they had influenced the results,To keep them in check,
3,song,both,heart2,was,amazing,36292,186401,english,how if seeing how many hearts they had influenced the results,To keep them in check,
4,cake,social,heart3,was,bad,30853,217263,english,how if seeing how many hearts they had influenced the results,To keep them in check,
5,poem,social,heart2,wasn't,terrible,34451,251723,english,how if seeing how many hearts they had influenced the results,To keep them in check,
6,dance,social,heart1,was,good,29763,281492,english,how if seeing how many hearts they had influenced the results,To keep them in check,
7,solo,both,heart0,was,amazing,59543,341045,english,how if seeing how many hearts they had influenced the results,To keep them in check,
8,painting,informative,heart2,wasn't,terrible,35798,376853,english,how if seeing how many hearts they had influenced the results,To keep them in check,
9,recital,both,heart1,was,good,21422,398280,english,how if seeing how many hearts they had influenced the results,To keep them in check,
10,movie,informative,heart3,wasn't,bad,44024,442312,english,how if seeing how many hearts they had influenced the results,To keep them in check,
11,app,informative,heart0,wasn't,terrible,27753,470074,english,how if seeing how many hearts they had influenced the results,To keep them in check,
12,review,informative,heart1,wasn't,bad,20884,490966,english,how if seeing how many hearts they had influenced the results,To keep them in check,