trial,item,goal,true_state,positivity,utterance,rt,time_elapsed,language,expt_aim,goal_thoughts,expt_general
1,monologue,informative,heart0,was,amazing,157984,630099,English,Describe how to construct opinion about other peron.,Yes,
2,dance,social,heart2,was,good,14230,644352,English,Describe how to construct opinion about other peron.,Yes,
3,song,informative,heart1,wasn't,amazing,78999,723355,English,Describe how to construct opinion about other peron.,Yes,
4,painting,informative,heart2,was,good,26310,749674,English,Describe how to construct opinion about other peron.,Yes,
5,poem,informative,heart3,was,amazing,11684,761366,English,Describe how to construct opinion about other peron.,Yes,
6,review,social,heart1,was,amazing,9590,770965,English,Describe how to construct opinion about other peron.,Yes,
7,movie,social,heart0,was,good,11077,782050,English,Describe how to construct opinion about other peron.,Yes,
8,cake,social,heart3,wasn't,bad,11758,793816,English,Describe how to construct opinion about other peron.,Yes,
9,presentation,both,heart0,wasn't,terrible,39915,833740,English,Describe how to construct opinion about other peron.,Yes,
10,recital,both,heart1,wasn't,terrible,19420,853169,English,Describe how to construct opinion about other peron.,Yes,
11,app,both,heart3,was,amazing,11762,864939,English,Describe how to construct opinion about other peron.,Yes,
12,solo,both,heart2,was,good,23428,888374,English,Describe how to construct opinion about other peron.,Yes,