trial,item,goal,true_state,positivity,utterance,rt,time_elapsed,language,expt_aim,goal_thoughts,expt_general
1,review,informative,heart3,wasn't,bad,67133,100216,English,what we say to be polite or honest,not sure,no
2,poem,social,heart1,was,amazing,19877,120100,English,what we say to be polite or honest,not sure,no
3,cake,informative,heart2,wasn't,bad,22137,142241,English,what we say to be polite or honest,not sure,no
4,painting,both,heart0,was,amazing,24297,166542,English,what we say to be polite or honest,not sure,no
5,presentation,social,heart2,was,good,15833,182378,English,what we say to be polite or honest,not sure,no
6,solo,informative,heart1,wasn't,bad,29867,212249,English,what we say to be polite or honest,not sure,no
7,song,informative,heart0,wasn't,bad,12697,224949,English,what we say to be polite or honest,not sure,no
8,dance,social,heart3,was,good,10064,235017,English,what we say to be polite or honest,not sure,no
9,app,both,heart1,was,amazing,54209,289230,English,what we say to be polite or honest,not sure,no
10,monologue,both,heart2,was,amazing,8274,297507,English,what we say to be polite or honest,not sure,no
11,movie,social,heart0,was,amazing,10971,308482,English,what we say to be polite or honest,not sure,no
12,recital,both,heart3,was,amazing,9541,318027,English,what we say to be polite or honest,not sure,no