trial,item,goal,true_state,positivity,utterance,rt,time_elapsed,language,expt_aim,goal_thoughts,expt_general
1,presentation,both,heart2,was,good,34342,56302,English,To gauge in which situations people use terms like 'it wasn't bad'.,To not look as bad to the other person.,
2,dance,social,heart1,wasn't,bad,26230,82558,English,To gauge in which situations people use terms like 'it wasn't bad'.,To not look as bad to the other person.,
3,monologue,informative,heart0,wasn't,terrible,33701,116264,English,To gauge in which situations people use terms like 'it wasn't bad'.,To not look as bad to the other person.,
4,review,both,heart3,was,amazing,14056,130324,English,To gauge in which situations people use terms like 'it wasn't bad'.,To not look as bad to the other person.,
5,cake,both,heart1,wasn't,bad,15010,145340,English,To gauge in which situations people use terms like 'it wasn't bad'.,To not look as bad to the other person.,
6,painting,social,heart0,wasn't,terrible,18001,163347,English,To gauge in which situations people use terms like 'it wasn't bad'.,To not look as bad to the other person.,
7,solo,informative,heart3,was,good,20081,183434,English,To gauge in which situations people use terms like 'it wasn't bad'.,To not look as bad to the other person.,
8,poem,informative,heart2,wasn't,bad,16813,200251,English,To gauge in which situations people use terms like 'it wasn't bad'.,To not look as bad to the other person.,
9,recital,social,heart3,wasn't,bad,23877,224132,English,To gauge in which situations people use terms like 'it wasn't bad'.,To not look as bad to the other person.,
10,song,informative,heart1,wasn't,terrible,20724,244860,English,To gauge in which situations people use terms like 'it wasn't bad'.,To not look as bad to the other person.,
11,app,social,heart2,was,good,10231,255095,English,To gauge in which situations people use terms like 'it wasn't bad'.,To not look as bad to the other person.,
12,movie,both,heart0,wasn't,bad,15887,270985,English,To gauge in which situations people use terms like 'it wasn't bad'.,To not look as bad to the other person.,