trial,item,goal,true_state,positivity,utterance,rt,time_elapsed,language,expt_aim,goal_thoughts,expt_general
1,solo,social,heart3,was,amazing,34470,110682,english,the experiment was on how people perceive other opinions or judgment,all was good,the study was good with no problems
2,dance,both,heart1,was,good,99129,209826,english,the experiment was on how people perceive other opinions or judgment,all was good,the study was good with no problems
3,recital,informative,heart0,was,terrible,15628,225458,english,the experiment was on how people perceive other opinions or judgment,all was good,the study was good with no problems
4,review,informative,heart2,was,good,8485,233946,english,the experiment was on how people perceive other opinions or judgment,all was good,the study was good with no problems
5,monologue,informative,heart3,was,amazing,5468,239418,english,the experiment was on how people perceive other opinions or judgment,all was good,the study was good with no problems
6,song,both,heart2,was,good,5661,245082,english,the experiment was on how people perceive other opinions or judgment,all was good,the study was good with no problems
7,presentation,informative,heart1,wasn't,terrible,19244,264330,english,the experiment was on how people perceive other opinions or judgment,all was good,the study was good with no problems
8,app,social,heart0,was,terrible,5597,269930,english,the experiment was on how people perceive other opinions or judgment,all was good,the study was good with no problems
9,cake,both,heart3,was,amazing,4252,274186,english,the experiment was on how people perceive other opinions or judgment,all was good,the study was good with no problems
10,poem,social,heart2,was,good,4870,279058,english,the experiment was on how people perceive other opinions or judgment,all was good,the study was good with no problems
11,movie,social,heart1,was,good,5541,284602,english,the experiment was on how people perceive other opinions or judgment,all was good,the study was good with no problems
12,painting,both,heart0,was,terrible,3773,288378,english,the experiment was on how people perceive other opinions or judgment,all was good,the study was good with no problems