trial,item,goal,true_state,positivity,utterance,rt,time_elapsed,language,expt_aim,goal_thoughts,expt_general
1,review,social,heart1,wasn't,good,21062,34894,english,rating guessing,,
2,dance,both,heart0,was,terrible,7388,42301,english,rating guessing,,
3,monologue,both,heart3,was,amazing,21131,63438,english,rating guessing,,
4,song,both,heart2,was,good,5204,68646,english,rating guessing,,
5,cake,social,heart3,was,amazing,6348,74997,english,rating guessing,,
6,presentation,both,heart1,wasn't,good,7149,82149,english,rating guessing,,
7,poem,social,heart2,was,good,6116,88269,english,rating guessing,,
8,app,social,heart0,wasn't,good,19180,107453,english,rating guessing,,
9,movie,informative,heart3,was,amazing,6812,114269,english,rating guessing,,
10,solo,informative,heart0,was,terrible,23581,137853,english,rating guessing,,
11,painting,informative,heart1,wasn't,good,7820,145677,english,rating guessing,,
12,recital,informative,heart2,was,good,27093,172773,english,rating guessing,,