trial,item,goal,true_state,positivity,utterance,rt,time_elapsed,language,expt_aim,goal_thoughts,expt_general
1,review,social,heart1,wasn't,bad,23297,57711,English,Use of positive and negative expressions to describe something,To be accurate or not,Everything went well
2,dance,informative,heart0,was,bad,15538,73265,English,Use of positive and negative expressions to describe something,To be accurate or not,Everything went well
3,app,informative,heart2,was,good,11460,84728,English,Use of positive and negative expressions to describe something,To be accurate or not,Everything went well
4,song,social,heart3,was,amazing,10168,94898,English,Use of positive and negative expressions to describe something,To be accurate or not,Everything went well
5,poem,both,heart0,wasn't,bad,24995,119895,English,Use of positive and negative expressions to describe something,To be accurate or not,Everything went well
6,recital,both,heart1,wasn't,bad,14939,134837,English,Use of positive and negative expressions to describe something,To be accurate or not,Everything went well
7,movie,both,heart3,was,amazing,13516,148356,English,Use of positive and negative expressions to describe something,To be accurate or not,Everything went well
8,cake,social,heart0,was,good,9848,158207,English,Use of positive and negative expressions to describe something,To be accurate or not,Everything went well
9,presentation,informative,heart1,wasn't,amazing,13048,171257,English,Use of positive and negative expressions to describe something,To be accurate or not,Everything went well
10,solo,social,heart2,was,amazing,10622,181881,English,Use of positive and negative expressions to describe something,To be accurate or not,Everything went well
11,monologue,informative,heart3,was,good,10317,192201,English,Use of positive and negative expressions to describe something,To be accurate or not,Everything went well
12,painting,both,heart2,was,good,6269,198472,English,Use of positive and negative expressions to describe something,To be accurate or not,Everything went well