trial,item,goal,true_state,positivity,utterance,rt,time_elapsed,language,expt_aim,goal_thoughts,expt_general
1,dance,both,heart3,was,good,35014,120773,english,how to describe feedback whether honest or not.,to try to be accurate but not give false pretenses.,Thank you for the study/survey. I enjoyed answering questions with integrity to the best of my ability, giving my honest opinion. I look forward to future studies with you.
2,monologue,social,heart1,wasn't,bad,40753,161540,english,how to describe feedback whether honest or not.,to try to be accurate but not give false pretenses.,Thank you for the study/survey. I enjoyed answering questions with integrity to the best of my ability, giving my honest opinion. I look forward to future studies with you.
3,poem,informative,heart3,wasn't,amazing,38780,200323,english,how to describe feedback whether honest or not.,to try to be accurate but not give false pretenses.,Thank you for the study/survey. I enjoyed answering questions with integrity to the best of my ability, giving my honest opinion. I look forward to future studies with you.
4,cake,social,heart2,wasn't,bad,32332,232659,english,how to describe feedback whether honest or not.,to try to be accurate but not give false pretenses.,Thank you for the study/survey. I enjoyed answering questions with integrity to the best of my ability, giving my honest opinion. I look forward to future studies with you.
5,movie,social,heart0,wasn't,good,21669,254331,english,how to describe feedback whether honest or not.,to try to be accurate but not give false pretenses.,Thank you for the study/survey. I enjoyed answering questions with integrity to the best of my ability, giving my honest opinion. I look forward to future studies with you.
6,review,both,heart1,wasn't,bad,26356,280691,english,how to describe feedback whether honest or not.,to try to be accurate but not give false pretenses.,Thank you for the study/survey. I enjoyed answering questions with integrity to the best of my ability, giving my honest opinion. I look forward to future studies with you.
7,presentation,both,heart0,was,bad,41788,322482,english,how to describe feedback whether honest or not.,to try to be accurate but not give false pretenses.,Thank you for the study/survey. I enjoyed answering questions with integrity to the best of my ability, giving my honest opinion. I look forward to future studies with you.
8,solo,social,heart3,wasn't,amazing,20229,342714,english,how to describe feedback whether honest or not.,to try to be accurate but not give false pretenses.,Thank you for the study/survey. I enjoyed answering questions with integrity to the best of my ability, giving my honest opinion. I look forward to future studies with you.
9,painting,informative,heart2,wasn't,amazing,27437,370154,english,how to describe feedback whether honest or not.,to try to be accurate but not give false pretenses.,Thank you for the study/survey. I enjoyed answering questions with integrity to the best of my ability, giving my honest opinion. I look forward to future studies with you.
10,app,informative,heart0,was,terrible,20636,390794,english,how to describe feedback whether honest or not.,to try to be accurate but not give false pretenses.,Thank you for the study/survey. I enjoyed answering questions with integrity to the best of my ability, giving my honest opinion. I look forward to future studies with you.
11,song,informative,heart1,wasn't,terrible,16813,407610,english,how to describe feedback whether honest or not.,to try to be accurate but not give false pretenses.,Thank you for the study/survey. I enjoyed answering questions with integrity to the best of my ability, giving my honest opinion. I look forward to future studies with you.
12,recital,both,heart2,was,good,9517,417130,english,how to describe feedback whether honest or not.,to try to be accurate but not give false pretenses.,Thank you for the study/survey. I enjoyed answering questions with integrity to the best of my ability, giving my honest opinion. I look forward to future studies with you.