trial,item,goal,true_state,positivity,utterance,rt,time_elapsed,language,expt_aim,goal_thoughts,expt_general
1,review,informative,heart0,was,good,65985,84237,ENGLISH,how to manipulate words to mean different things,no,no
2,monologue,both,heart1,wasn't,bad,20186,104432,ENGLISH,how to manipulate words to mean different things,no,no
3,painting,social,heart2,was,good,7491,111926,ENGLISH,how to manipulate words to mean different things,no,no
4,presentation,informative,heart1,wasn't,bad,5214,117142,ENGLISH,how to manipulate words to mean different things,no,no
5,dance,informative,heart3,was,amazing,4460,121605,ENGLISH,how to manipulate words to mean different things,no,no
6,song,both,heart0,wasn't,bad,7750,129358,ENGLISH,how to manipulate words to mean different things,no,no
7,solo,social,heart1,wasn't,bad,12258,141619,ENGLISH,how to manipulate words to mean different things,no,no
8,movie,both,heart3,was,amazing,3835,145457,ENGLISH,how to manipulate words to mean different things,no,no
9,cake,social,heart0,wasn't,terrible,6131,151590,ENGLISH,how to manipulate words to mean different things,no,no
10,poem,both,heart2,was,good,4124,155717,ENGLISH,how to manipulate words to mean different things,no,no
11,recital,social,heart3,was,amazing,3730,159449,ENGLISH,how to manipulate words to mean different things,no,no
12,app,informative,heart2,was,good,3233,162685,ENGLISH,how to manipulate words to mean different things,no,no