trial,item,goal,true_state,positivity,utterance,rt,time_elapsed,language,expt_aim,goal_thoughts,expt_general
1,poem,informative,heart2,wasn't,terrible,47135,163335,English,I think this experiment was about how people balance honesty with kindness when giving feedback.,Yes, Protecting the other person's confidence while also encouraging improvement.,Great experiment, I have learnt something from this.
2,painting,both,heart3,was,amazing,28108,191462,English,I think this experiment was about how people balance honesty with kindness when giving feedback.,Yes, Protecting the other person's confidence while also encouraging improvement.,Great experiment, I have learnt something from this.
3,recital,both,heart1,was,good,31675,223142,English,I think this experiment was about how people balance honesty with kindness when giving feedback.,Yes, Protecting the other person's confidence while also encouraging improvement.,Great experiment, I have learnt something from this.
4,cake,informative,heart3,wasn't,terrible,29791,252936,English,I think this experiment was about how people balance honesty with kindness when giving feedback.,Yes, Protecting the other person's confidence while also encouraging improvement.,Great experiment, I have learnt something from this.
5,dance,both,heart0,was,amazing,43725,296664,English,I think this experiment was about how people balance honesty with kindness when giving feedback.,Yes, Protecting the other person's confidence while also encouraging improvement.,Great experiment, I have learnt something from this.
6,app,social,heart1,was,good,29559,326226,English,I think this experiment was about how people balance honesty with kindness when giving feedback.,Yes, Protecting the other person's confidence while also encouraging improvement.,Great experiment, I have learnt something from this.
7,review,informative,heart0,wasn't,good,27453,353683,English,I think this experiment was about how people balance honesty with kindness when giving feedback.,Yes, Protecting the other person's confidence while also encouraging improvement.,Great experiment, I have learnt something from this.
8,solo,informative,heart1,wasn't,good,22161,375846,English,I think this experiment was about how people balance honesty with kindness when giving feedback.,Yes, Protecting the other person's confidence while also encouraging improvement.,Great experiment, I have learnt something from this.
9,monologue,both,heart2,was,good,19661,395510,English,I think this experiment was about how people balance honesty with kindness when giving feedback.,Yes, Protecting the other person's confidence while also encouraging improvement.,Great experiment, I have learnt something from this.
10,presentation,social,heart0,was,bad,17565,413079,English,I think this experiment was about how people balance honesty with kindness when giving feedback.,Yes, Protecting the other person's confidence while also encouraging improvement.,Great experiment, I have learnt something from this.
11,song,social,heart2,was,good,23690,436771,English,I think this experiment was about how people balance honesty with kindness when giving feedback.,Yes, Protecting the other person's confidence while also encouraging improvement.,Great experiment, I have learnt something from this.
12,movie,social,heart3,was,amazing,11210,447985,English,I think this experiment was about how people balance honesty with kindness when giving feedback.,Yes, Protecting the other person's confidence while also encouraging improvement.,Great experiment, I have learnt something from this.