trial,item,goal,true_state,positivity,utterance,rt,time_elapsed,language,expt_aim,goal_thoughts,expt_general
1,presentation,both,heart0,wasn't,bad,37333,100877,E b,,,
2,dance,both,heart1,was,good,24894,125784,E b,,,
3,app,informative,heart3,was,amazing,10450,136236,E b,,,
4,song,informative,heart1,wasn't,bad,6058,142298,E b,,,
5,recital,social,heart2,was,amazing,10072,152374,E b,,,
6,solo,social,heart0,was,good,5855,158230,E b,,,
7,poem,both,heart2,was,good,26615,184846,E b,,,
8,cake,social,heart3,was,amazing,41080,225927,E b,,,
9,painting,informative,heart0,was,terrible,23954,249884,E b,,,
10,review,both,heart3,was,amazing,93225,343113,E b,,,
11,movie,social,heart1,wasn't,bad,6923,350040,E b,,,
12,monologue,informative,heart2,was,good,14625,364668,E b,,,