trial,item,goal,true_state,positivity,utterance,rt,time_elapsed,language,expt_aim,goal_thoughts,expt_general
1,review,both,heart0,wasn't,terrible,41419,87471,English,Examining how we might respond to requests to feedback in different circumstances.,No,None
2,dance,informative,heart3,was,amazing,18391,105869,English,Examining how we might respond to requests to feedback in different circumstances.,No,None
3,painting,social,heart2,wasn't,bad,29633,135503,English,Examining how we might respond to requests to feedback in different circumstances.,No,None
4,movie,informative,heart0,was,terrible,16131,151635,English,Examining how we might respond to requests to feedback in different circumstances.,No,None
5,solo,informative,heart1,was,bad,22005,173641,English,Examining how we might respond to requests to feedback in different circumstances.,No,None
6,recital,social,heart3,wasn't,bad,18945,192587,English,Examining how we might respond to requests to feedback in different circumstances.,No,None
7,cake,both,heart1,wasn't,terrible,10871,203459,English,Examining how we might respond to requests to feedback in different circumstances.,No,None
8,monologue,social,heart0,wasn't,bad,24655,228115,English,Examining how we might respond to requests to feedback in different circumstances.,No,None
9,app,both,heart3,was,amazing,10861,238977,English,Examining how we might respond to requests to feedback in different circumstances.,No,None
10,presentation,both,heart2,was,good,10879,249857,English,Examining how we might respond to requests to feedback in different circumstances.,No,None
11,poem,social,heart1,wasn't,bad,19239,269097,English,Examining how we might respond to requests to feedback in different circumstances.,No,None
12,song,informative,heart2,wasn't,bad,17233,286331,English,Examining how we might respond to requests to feedback in different circumstances.,No,None