trial,item,goal,true_state,positivity,utterance,rt,time_elapsed,language,expt_aim,goal_thoughts,expt_general
1,poem,social,heart1,was,amazing,21245,33642,English,Language interpretation?,To hide their true feelings.,No further comments, thanks.
2,cake,social,heart2,was,good,18852,52512,English,Language interpretation?,To hide their true feelings.,No further comments, thanks.
3,painting,informative,heart1,wasn't,bad,29465,81980,English,Language interpretation?,To hide their true feelings.,No further comments, thanks.
4,app,both,heart2,was,amazing,17128,99113,English,Language interpretation?,To hide their true feelings.,No further comments, thanks.
5,presentation,social,heart3,was,good,17948,117068,English,Language interpretation?,To hide their true feelings.,No further comments, thanks.
6,recital,informative,heart0,wasn't,bad,17511,134582,English,Language interpretation?,To hide their true feelings.,No further comments, thanks.
7,song,informative,heart3,wasn't,bad,9583,144168,English,Language interpretation?,To hide their true feelings.,No further comments, thanks.
8,movie,social,heart0,was,good,13787,157964,English,Language interpretation?,To hide their true feelings.,No further comments, thanks.
9,review,both,heart3,was,amazing,8420,166390,English,Language interpretation?,To hide their true feelings.,No further comments, thanks.
10,solo,informative,heart2,wasn't,bad,10896,177288,English,Language interpretation?,To hide their true feelings.,No further comments, thanks.
11,monologue,both,heart0,was,amazing,9238,186528,English,Language interpretation?,To hide their true feelings.,No further comments, thanks.
12,dance,both,heart1,was,amazing,9951,196484,English,Language interpretation?,To hide their true feelings.,No further comments, thanks.