trial,item,goal,true_state,positivity,utterance,rt,time_elapsed,language,expt_aim,goal_thoughts,expt_general
1,solo,informative,heart1,wasn't,bad,39865,73749,English,Comparing people's beliefs with what they actually say.,No,No
2,presentation,informative,heart0,wasn't,terrible,45355,119122,English,Comparing people's beliefs with what they actually say.,No,No
3,app,social,heart3,was,good,16021,135151,English,Comparing people's beliefs with what they actually say.,No,No
4,movie,informative,heart2,was,good,14467,149625,English,Comparing people's beliefs with what they actually say.,No,No
5,song,social,heart1,wasn't,bad,14744,164376,English,Comparing people's beliefs with what they actually say.,No,No
6,monologue,social,heart0,wasn't,bad,20280,184666,English,Comparing people's beliefs with what they actually say.,No,No
7,dance,both,heart3,was,amazing,15241,199914,English,Comparing people's beliefs with what they actually say.,No,No
8,cake,both,heart0,wasn't,bad,22364,222286,English,Comparing people's beliefs with what they actually say.,No,No
9,painting,social,heart2,was,good,13975,236268,English,Comparing people's beliefs with what they actually say.,No,No
10,recital,informative,heart3,was,good,12715,248990,English,Comparing people's beliefs with what they actually say.,No,No
11,review,both,heart2,was,good,13684,262680,English,Comparing people's beliefs with what they actually say.,No,No
12,poem,both,heart1,wasn't,bad,12784,275471,English,Comparing people's beliefs with what they actually say.,No,No