trial,item,goal,true_state,positivity,utterance,rt,time_elapsed,language,expt_aim,goal_thoughts,expt_general
1,presentation,social,heart1,was,good,169292,287503,English,I think this experiment is about what language people use to avoid making others feel bad, and still trying to give genuine feedback.,I think another goal they had was to try not to make the others feel bad.,This was an interesting experiment. Thank you for the chance to participate.
2,review,both,heart2,was,amazing,27488,315008,English,I think this experiment is about what language people use to avoid making others feel bad, and still trying to give genuine feedback.,I think another goal they had was to try not to make the others feel bad.,This was an interesting experiment. Thank you for the chance to participate.
3,monologue,both,heart3,was,amazing,9165,324180,English,I think this experiment is about what language people use to avoid making others feel bad, and still trying to give genuine feedback.,I think another goal they had was to try not to make the others feel bad.,This was an interesting experiment. Thank you for the chance to participate.
4,recital,informative,heart1,wasn't,bad,13290,337475,English,I think this experiment is about what language people use to avoid making others feel bad, and still trying to give genuine feedback.,I think another goal they had was to try not to make the others feel bad.,This was an interesting experiment. Thank you for the chance to participate.
5,dance,both,heart0,wasn't,terrible,8008,345490,English,I think this experiment is about what language people use to avoid making others feel bad, and still trying to give genuine feedback.,I think another goal they had was to try not to make the others feel bad.,This was an interesting experiment. Thank you for the chance to participate.
6,poem,both,heart1,wasn't,bad,7689,353190,English,I think this experiment is about what language people use to avoid making others feel bad, and still trying to give genuine feedback.,I think another goal they had was to try not to make the others feel bad.,This was an interesting experiment. Thank you for the chance to participate.
7,song,informative,heart0,wasn't,terrible,15028,368223,English,I think this experiment is about what language people use to avoid making others feel bad, and still trying to give genuine feedback.,I think another goal they had was to try not to make the others feel bad.,This was an interesting experiment. Thank you for the chance to participate.
8,cake,social,heart2,was,good,6693,374921,English,I think this experiment is about what language people use to avoid making others feel bad, and still trying to give genuine feedback.,I think another goal they had was to try not to make the others feel bad.,This was an interesting experiment. Thank you for the chance to participate.
9,movie,social,heart0,wasn't,terrible,9712,384638,English,I think this experiment is about what language people use to avoid making others feel bad, and still trying to give genuine feedback.,I think another goal they had was to try not to make the others feel bad.,This was an interesting experiment. Thank you for the chance to participate.
10,app,social,heart3,was,amazing,6145,390788,English,I think this experiment is about what language people use to avoid making others feel bad, and still trying to give genuine feedback.,I think another goal they had was to try not to make the others feel bad.,This was an interesting experiment. Thank you for the chance to participate.
11,solo,informative,heart2,was,good,6628,397421,English,I think this experiment is about what language people use to avoid making others feel bad, and still trying to give genuine feedback.,I think another goal they had was to try not to make the others feel bad.,This was an interesting experiment. Thank you for the chance to participate.
12,painting,informative,heart3,was,amazing,13844,411270,English,I think this experiment is about what language people use to avoid making others feel bad, and still trying to give genuine feedback.,I think another goal they had was to try not to make the others feel bad.,This was an interesting experiment. Thank you for the chance to participate.