trial,item,goal,true_state,positivity,utterance,rt,time_elapsed,language,expt_aim,goal_thoughts,expt_general
1,app,informative,heart1,was,terrible,31143,45436,English,I do not know,Not really,
2,monologue,informative,heart2,wasn't,terrible,21766,67210,English,I do not know,Not really,
3,poem,both,heart1,wasn't,bad,31054,98266,English,I do not know,Not really,
4,cake,both,heart0,was,bad,7743,106012,English,I do not know,Not really,
5,movie,social,heart3,was,amazing,6423,112436,English,I do not know,Not really,
6,review,both,heart2,was,good,7927,120366,English,I do not know,Not really,
7,song,social,heart0,wasn't,terrible,17624,137992,English,I do not know,Not really,
8,dance,social,heart2,was,good,6977,144971,English,I do not know,Not really,
9,solo,informative,heart0,was,terrible,11519,156492,English,I do not know,Not really,
10,presentation,both,heart3,was,amazing,5233,161727,English,I do not know,Not really,
11,painting,social,heart1,wasn't,terrible,5936,167665,English,I do not know,Not really,
12,recital,informative,heart3,wasn't,bad,18273,185940,English,I do not know,Not really,