trial,item,goal,true_state,positivity,utterance,rt,time_elapsed,language,expt_aim,goal_thoughts,expt_general
1,cake,both,heart0,wasn't,bad,83536,129829,English,How we can use language to create nuance of meaning. Ie using a negative "wasn't" but a positive word to follow "good".,I don't think so?,Thanks for letting me take part.
2,movie,both,heart3,was,amazing,11578,141437,English,How we can use language to create nuance of meaning. Ie using a negative "wasn't" but a positive word to follow "good".,I don't think so?,Thanks for letting me take part.
3,poem,informative,heart1,was,bad,12568,154010,English,How we can use language to create nuance of meaning. Ie using a negative "wasn't" but a positive word to follow "good".,I don't think so?,Thanks for letting me take part.
4,presentation,social,heart0,wasn't,terrible,19331,173345,English,How we can use language to create nuance of meaning. Ie using a negative "wasn't" but a positive word to follow "good".,I don't think so?,Thanks for letting me take part.
5,recital,social,heart2,was,amazing,15942,189290,English,How we can use language to create nuance of meaning. Ie using a negative "wasn't" but a positive word to follow "good".,I don't think so?,Thanks for letting me take part.
6,monologue,social,heart3,was,amazing,12411,201705,English,How we can use language to create nuance of meaning. Ie using a negative "wasn't" but a positive word to follow "good".,I don't think so?,Thanks for letting me take part.
7,song,both,heart1,wasn't,terrible,18545,220253,English,How we can use language to create nuance of meaning. Ie using a negative "wasn't" but a positive word to follow "good".,I don't think so?,Thanks for letting me take part.
8,review,informative,heart3,was,amazing,10317,230574,English,How we can use language to create nuance of meaning. Ie using a negative "wasn't" but a positive word to follow "good".,I don't think so?,Thanks for letting me take part.
9,solo,informative,heart2,was,good,12226,242803,English,How we can use language to create nuance of meaning. Ie using a negative "wasn't" but a positive word to follow "good".,I don't think so?,Thanks for letting me take part.
10,app,informative,heart0,was,terrible,8718,251526,English,How we can use language to create nuance of meaning. Ie using a negative "wasn't" but a positive word to follow "good".,I don't think so?,Thanks for letting me take part.
11,painting,both,heart2,was,good,10017,261546,English,How we can use language to create nuance of meaning. Ie using a negative "wasn't" but a positive word to follow "good".,I don't think so?,Thanks for letting me take part.
12,dance,social,heart1,wasn't,terrible,10134,271684,English,How we can use language to create nuance of meaning. Ie using a negative "wasn't" but a positive word to follow "good".,I don't think so?,Thanks for letting me take part.