trial,item,goal,true_state,positivity,utterance,rt,time_elapsed,language,expt_aim,goal_thoughts,expt_general
1,dance,both,heart3,was,amazing,44385,74528,french,a prediction of what people will say,just to see other people's feelings,
2,cake,social,heart0,was,bad,19812,94381,french,a prediction of what people will say,just to see other people's feelings,
3,recital,social,heart3,was,amazing,7513,101901,french,a prediction of what people will say,just to see other people's feelings,
4,song,informative,heart2,was,good,9784,111689,french,a prediction of what people will say,just to see other people's feelings,
5,app,informative,heart3,was,amazing,5605,117297,french,a prediction of what people will say,just to see other people's feelings,
6,review,social,heart1,wasn't,bad,44278,161583,french,a prediction of what people will say,just to see other people's feelings,
7,movie,social,heart2,was,good,10815,172435,french,a prediction of what people will say,just to see other people's feelings,
8,painting,informative,heart0,wasn't,terrible,17972,190410,french,a prediction of what people will say,just to see other people's feelings,
9,presentation,both,heart1,wasn't,bad,16472,206886,french,a prediction of what people will say,just to see other people's feelings,
10,monologue,both,heart2,was,good,20581,227475,french,a prediction of what people will say,just to see other people's feelings,
11,poem,both,heart0,wasn't,bad,13620,241098,french,a prediction of what people will say,just to see other people's feelings,
12,solo,informative,heart1,wasn't,bad,20214,261315,french,a prediction of what people will say,just to see other people's feelings,