trial,item,goal,true_state,positivity,utterance,rt,time_elapsed,language,expt_aim,goal_thoughts,expt_general
1,painting,both,heart1,wasn't,amazing,10137,73862,English,It was basically to understand how people react to different situations.,No.,Nothing.
2,cake,social,heart3,was,amazing,13125,87027,English,It was basically to understand how people react to different situations.,No.,Nothing.
3,song,informative,heart1,wasn't,good,21140,108179,English,It was basically to understand how people react to different situations.,No.,Nothing.
4,monologue,social,heart2,wasn't,terrible,22803,130991,English,It was basically to understand how people react to different situations.,No.,Nothing.
5,app,informative,heart0,was,terrible,12565,143569,English,It was basically to understand how people react to different situations.,No.,Nothing.
6,review,informative,heart2,was,good,14768,158354,English,It was basically to understand how people react to different situations.,No.,Nothing.
7,solo,both,heart3,was,amazing,6630,164998,English,It was basically to understand how people react to different situations.,No.,Nothing.
8,presentation,social,heart0,was,terrible,23485,188497,English,It was basically to understand how people react to different situations.,No.,Nothing.
9,movie,both,heart2,was,good,19286,207796,English,It was basically to understand how people react to different situations.,No.,Nothing.
10,recital,both,heart0,wasn't,amazing,9879,217689,English,It was basically to understand how people react to different situations.,No.,Nothing.
11,poem,social,heart1,was,bad,21589,239289,English,It was basically to understand how people react to different situations.,No.,Nothing.
12,dance,informative,heart3,was,amazing,21404,260704,English,It was basically to understand how people react to different situations.,No.,Nothing.