trial,item,goal,true_state,positivity,utterance,rt,time_elapsed,language,expt_aim,goal_thoughts,expt_general
1,monologue,both,heart1,wasn't,bad,80448,100724,English,It was my goal to determine the true perspective's of people's opinions regarding each scenario and specify their real intentions on how they'd phrase their answers, if it's for their own personal gain or not.,You could consider jealousy an influence in regards to their responses. Even though they might of loved a performance for example, their jealousy might trigger a response emphasising they will say something different.,
2,poem,social,heart0,was,good,19513,120245,English,It was my goal to determine the true perspective's of people's opinions regarding each scenario and specify their real intentions on how they'd phrase their answers, if it's for their own personal gain or not.,You could consider jealousy an influence in regards to their responses. Even though they might of loved a performance for example, their jealousy might trigger a response emphasising they will say something different.,
3,song,both,heart3,was,amazing,8919,129165,English,It was my goal to determine the true perspective's of people's opinions regarding each scenario and specify their real intentions on how they'd phrase their answers, if it's for their own personal gain or not.,You could consider jealousy an influence in regards to their responses. Even though they might of loved a performance for example, their jealousy might trigger a response emphasising they will say something different.,
4,solo,social,heart1,wasn't,bad,16862,146029,English,It was my goal to determine the true perspective's of people's opinions regarding each scenario and specify their real intentions on how they'd phrase their answers, if it's for their own personal gain or not.,You could consider jealousy an influence in regards to their responses. Even though they might of loved a performance for example, their jealousy might trigger a response emphasising they will say something different.,
5,app,informative,heart3,wasn't,terrible,22735,168765,English,It was my goal to determine the true perspective's of people's opinions regarding each scenario and specify their real intentions on how they'd phrase their answers, if it's for their own personal gain or not.,You could consider jealousy an influence in regards to their responses. Even though they might of loved a performance for example, their jealousy might trigger a response emphasising they will say something different.,
6,movie,social,heart2,was,good,38350,207116,English,It was my goal to determine the true perspective's of people's opinions regarding each scenario and specify their real intentions on how they'd phrase their answers, if it's for their own personal gain or not.,You could consider jealousy an influence in regards to their responses. Even though they might of loved a performance for example, their jealousy might trigger a response emphasising they will say something different.,
7,dance,social,heart3,was,amazing,30346,237463,English,It was my goal to determine the true perspective's of people's opinions regarding each scenario and specify their real intentions on how they'd phrase their answers, if it's for their own personal gain or not.,You could consider jealousy an influence in regards to their responses. Even though they might of loved a performance for example, their jealousy might trigger a response emphasising they will say something different.,
8,cake,informative,heart2,was,bad,21477,258942,English,It was my goal to determine the true perspective's of people's opinions regarding each scenario and specify their real intentions on how they'd phrase their answers, if it's for their own personal gain or not.,You could consider jealousy an influence in regards to their responses. Even though they might of loved a performance for example, their jealousy might trigger a response emphasising they will say something different.,
9,presentation,informative,heart0,was,terrible,11092,270035,English,It was my goal to determine the true perspective's of people's opinions regarding each scenario and specify their real intentions on how they'd phrase their answers, if it's for their own personal gain or not.,You could consider jealousy an influence in regards to their responses. Even though they might of loved a performance for example, their jealousy might trigger a response emphasising they will say something different.,
10,painting,informative,heart1,was,bad,14114,284150,English,It was my goal to determine the true perspective's of people's opinions regarding each scenario and specify their real intentions on how they'd phrase their answers, if it's for their own personal gain or not.,You could consider jealousy an influence in regards to their responses. Even though they might of loved a performance for example, their jealousy might trigger a response emphasising they will say something different.,
11,review,both,heart0,wasn't,bad,28004,312154,English,It was my goal to determine the true perspective's of people's opinions regarding each scenario and specify their real intentions on how they'd phrase their answers, if it's for their own personal gain or not.,You could consider jealousy an influence in regards to their responses. Even though they might of loved a performance for example, their jealousy might trigger a response emphasising they will say something different.,
12,recital,both,heart2,was,good,9309,321464,English,It was my goal to determine the true perspective's of people's opinions regarding each scenario and specify their real intentions on how they'd phrase their answers, if it's for their own personal gain or not.,You could consider jealousy an influence in regards to their responses. Even though they might of loved a performance for example, their jealousy might trigger a response emphasising they will say something different.,