trial,item,goal,true_state,positivity,utterance,rt,time_elapsed,language,expt_aim,goal_thoughts,expt_general
1,presentation,social,heart0,was,good,114919,185655,English,I don't know.,No.,No problems.
2,app,social,heart2,was,amazing,17600,203263,English,I don't know.,No.,No problems.
3,monologue,informative,heart1,wasn't,good,46719,249983,English,I don't know.,No.,No problems.
4,dance,informative,heart2,was,good,20879,270863,English,I don't know.,No.,No problems.
5,recital,both,heart3,was,amazing,14583,285447,English,I don't know.,No.,No problems.
6,song,social,heart1,was,good,126878,412327,English,I don't know.,No.,No problems.
7,painting,informative,heart3,was,good,97359,509686,English,I don't know.,No.,No problems.
8,review,both,heart0,wasn't,amazing,56759,566446,English,I don't know.,No.,No problems.
9,movie,both,heart2,was,good,181999,748447,English,I don't know.,No.,No problems.
10,solo,social,heart3,was,amazing,112814,861262,English,I don't know.,No.,No problems.
11,poem,informative,heart0,was,terrible,10655,871918,English,I don't know.,No.,No problems.
12,cake,both,heart1,wasn't,terrible,73327,945246,English,I don't know.,No.,No problems.