trial,item,goal,true_state,positivity,utterance,rt,time_elapsed,language,expt_aim,goal_thoughts,expt_general
1,song,social,heart3,was,good,56952,88674,English,The wording we use to portray information versus feelings.,Giving feedback information.,
2,recital,informative,heart2,wasn't,terrible,37521,126207,English,The wording we use to portray information versus feelings.,Giving feedback information.,
3,painting,informative,heart3,wasn't,bad,42929,169141,English,The wording we use to portray information versus feelings.,Giving feedback information.,
4,app,both,heart0,was,amazing,12027,181176,English,The wording we use to portray information versus feelings.,Giving feedback information.,
5,review,both,heart2,was,amazing,27695,208877,English,The wording we use to portray information versus feelings.,Giving feedback information.,
6,movie,informative,heart1,wasn't,terrible,16177,225057,English,The wording we use to portray information versus feelings.,Giving feedback information.,
7,presentation,social,heart0,was,good,11045,236106,English,The wording we use to portray information versus feelings.,Giving feedback information.,
8,cake,both,heart3,was,amazing,7161,243272,English,The wording we use to portray information versus feelings.,Giving feedback information.,
9,dance,both,heart1,was,amazing,13311,256589,English,The wording we use to portray information versus feelings.,Giving feedback information.,
10,poem,social,heart2,was,good,17062,273657,English,The wording we use to portray information versus feelings.,Giving feedback information.,
11,solo,informative,heart0,wasn't,terrible,12861,286524,English,The wording we use to portray information versus feelings.,Giving feedback information.,
12,monologue,social,heart1,was,good,8145,294674,English,The wording we use to portray information versus feelings.,Giving feedback information.,