trial,item,goal,true_state,positivity,utterance,rt,time_elapsed,language,expt_aim,goal_thoughts,expt_general
1,presentation,both,heart2,was,good,26142,56684,English ,how we frame white lies,maintain relationship with other,
2,dance,both,heart1,wasn't,bad,17148,73848,English ,how we frame white lies,maintain relationship with other,
3,recital,social,heart3,was,amazing,9142,82994,English ,how we frame white lies,maintain relationship with other,
4,solo,social,heart0,was,good,27907,110904,English ,how we frame white lies,maintain relationship with other,
5,app,social,heart2,was,amazing,21139,132046,English ,how we frame white lies,maintain relationship with other,
6,song,informative,heart1,was,bad,16657,148705,English ,how we frame white lies,maintain relationship with other,
7,painting,both,heart0,wasn't,terrible,22009,170718,English ,how we frame white lies,maintain relationship with other,
8,cake,informative,heart2,wasn't,bad,63802,234523,English ,how we frame white lies,maintain relationship with other,
9,movie,informative,heart0,was,terrible,8034,242560,English ,how we frame white lies,maintain relationship with other,
10,poem,informative,heart3,was,good,12427,254989,English ,how we frame white lies,maintain relationship with other,
11,monologue,social,heart1,was,good,52442,307434,English ,how we frame white lies,maintain relationship with other,
12,review,both,heart3,was,amazing,14823,322259,English ,how we frame white lies,maintain relationship with other,