trial,item,goal,true_state,positivity,utterance,rt,time_elapsed,language,expt_aim,goal_thoughts,expt_general
1,poem,both,heart0,was,good,46258,184754,English,How we perceive our use of language can affect emotions.,No,N/A
2,dance,informative,heart1,was,good,36673,221442,English,How we perceive our use of language can affect emotions.,No,N/A
3,review,social,heart0,was,amazing,15859,237305,English,How we perceive our use of language can affect emotions.,No,N/A
4,monologue,social,heart1,was,amazing,22241,259549,English,How we perceive our use of language can affect emotions.,No,N/A
5,app,both,heart2,was,good,12725,272278,English,How we perceive our use of language can affect emotions.,No,N/A
6,cake,informative,heart3,was,amazing,22786,295067,English,How we perceive our use of language can affect emotions.,No,N/A
7,presentation,informative,heart2,was,good,18209,313280,English,How we perceive our use of language can affect emotions.,No,N/A
8,movie,both,heart3,was,amazing,10002,323286,English,How we perceive our use of language can affect emotions.,No,N/A
9,song,informative,heart0,was,terrible,11033,334324,English,How we perceive our use of language can affect emotions.,No,N/A
10,recital,social,heart2,wasn't,bad,20702,355028,English,How we perceive our use of language can affect emotions.,No,N/A
11,solo,social,heart3,was,amazing,12281,367312,English,How we perceive our use of language can affect emotions.,No,N/A
12,painting,both,heart1,wasn't,terrible,23743,391057,English,How we perceive our use of language can affect emotions.,No,N/A