trial,item,goal,true_state,positivity,utterance,rt,time_elapsed,language,expt_aim,goal_thoughts,expt_general
1,song,both,heart3,was,amazing,42166,126904,English,Prediction of people feelings towards something ,Yes,No
2,poem,informative,heart0,wasn't,good,26933,153851,English,Prediction of people feelings towards something ,Yes,No
3,app,informative,heart2,was,good,25659,179513,English,Prediction of people feelings towards something ,Yes,No
4,review,social,heart1,was,terrible,21824,201341,English,Prediction of people feelings towards something ,Yes,No
5,solo,social,heart2,was,good,24180,225525,English,Prediction of people feelings towards something ,Yes,No
6,cake,informative,heart1,wasn't,good,22269,247798,English,Prediction of people feelings towards something ,Yes,No
7,presentation,both,heart2,was,amazing,18738,266539,English,Prediction of people feelings towards something ,Yes,No
8,painting,informative,heart3,was,terrible,20433,286976,English,Prediction of people feelings towards something ,Yes,No
9,recital,both,heart0,was,amazing,17278,304257,English,Prediction of people feelings towards something ,Yes,No
10,monologue,both,heart1,was,amazing,19983,324244,English,Prediction of people feelings towards something ,Yes,No
11,movie,social,heart3,wasn't,bad,20926,345173,English,Prediction of people feelings towards something ,Yes,No
12,dance,social,heart0,wasn't,bad,21472,366647,English,Prediction of people feelings towards something ,Yes,No