trial,item,goal,true_state,positivity,utterance,rt,time_elapsed,language,expt_aim,goal_thoughts,expt_general
1,recital,both,heart3,was,amazing,76647,340661,English,Human relationship,Not at all.,No.
2,poem,social,heart1,was,bad,22395,363069,English,Human relationship,Not at all.,No.
3,painting,informative,heart3,was,amazing,26109,389180,English,Human relationship,Not at all.,No.
4,cake,both,heart2,was,good,23874,413057,English,Human relationship,Not at all.,No.
5,movie,social,heart0,was,terrible,51754,464812,English,Human relationship,Not at all.,No.
6,monologue,social,heart2,was,good,12339,477153,English,Human relationship,Not at all.,No.
7,app,informative,heart1,wasn't,good,16042,493199,English,Human relationship,Not at all.,No.
8,song,both,heart0,wasn't,amazing,11028,504229,English,Human relationship,Not at all.,No.
9,review,social,heart3,was,amazing,10836,515067,English,Human relationship,Not at all.,No.
10,dance,informative,heart0,was,terrible,33857,548926,English,Human relationship,Not at all.,No.
11,solo,both,heart1,was,terrible,13651,562579,English,Human relationship,Not at all.,No.
12,presentation,informative,heart2,was,good,26775,589356,English,Human relationship,Not at all.,No.