trial,item,goal,true_state,positivity,utterance,rt,time_elapsed,language,expt_aim,goal_thoughts,expt_general
1,cake,both,heart3,was,good,60044,311027,english,the assume response from someone else ,yes,nice study
2,song,informative,heart1,was,amazing,16388,327430,english,the assume response from someone else ,yes,nice study
3,recital,both,heart2,was,amazing,18184,345617,english,the assume response from someone else ,yes,nice study
4,dance,informative,heart0,was,amazing,14853,360472,english,the assume response from someone else ,yes,nice study
5,presentation,informative,heart3,was,bad,70062,430538,english,the assume response from someone else ,yes,nice study
6,painting,social,heart0,was,good,55805,486346,english,the assume response from someone else ,yes,nice study
7,app,social,heart2,wasn't,terrible,11318,497667,english,the assume response from someone else ,yes,nice study
8,poem,social,heart3,wasn't,amazing,99960,597630,english,the assume response from someone else ,yes,nice study
9,solo,both,heart0,was,good,34754,632387,english,the assume response from someone else ,yes,nice study
10,movie,both,heart1,was,good,39804,672194,english,the assume response from someone else ,yes,nice study
11,monologue,informative,heart2,was,good,11574,683770,english,the assume response from someone else ,yes,nice study
12,review,social,heart1,wasn't,good,11034,694806,english,the assume response from someone else ,yes,nice study