trial,item,goal,true_state,positivity,utterance,rt,time_elapsed,language,expt_aim,goal_thoughts,expt_general
1,song,social,heart1,was,good,27239,49137,English,How people's views of abstract scales change given varied scenarios.,I don't think so,thank you for providing a progress bar
2,poem,both,heart3,was,amazing,11242,60392,English,How people's views of abstract scales change given varied scenarios.,I don't think so,thank you for providing a progress bar
3,dance,social,heart2,was,good,32421,92816,English,How people's views of abstract scales change given varied scenarios.,I don't think so,thank you for providing a progress bar
4,painting,both,heart0,was,bad,24173,116992,English,How people's views of abstract scales change given varied scenarios.,I don't think so,thank you for providing a progress bar
5,cake,both,heart1,was,good,4565,121560,English,How people's views of abstract scales change given varied scenarios.,I don't think so,thank you for providing a progress bar
6,recital,informative,heart0,was,terrible,11654,133216,English,How people's views of abstract scales change given varied scenarios.,I don't think so,thank you for providing a progress bar
7,review,informative,heart1,was,bad,11750,144968,English,How people's views of abstract scales change given varied scenarios.,I don't think so,thank you for providing a progress bar
8,presentation,informative,heart3,was,amazing,13109,158080,English,How people's views of abstract scales change given varied scenarios.,I don't think so,thank you for providing a progress bar
9,monologue,informative,heart2,was,good,13101,171183,English,How people's views of abstract scales change given varied scenarios.,I don't think so,thank you for providing a progress bar
10,app,social,heart0,was,good,8918,180103,English,How people's views of abstract scales change given varied scenarios.,I don't think so,thank you for providing a progress bar
11,movie,social,heart3,was,amazing,8438,188543,English,How people's views of abstract scales change given varied scenarios.,I don't think so,thank you for providing a progress bar
12,solo,both,heart2,was,good,4702,193247,English,How people's views of abstract scales change given varied scenarios.,I don't think so,thank you for providing a progress bar