trial,item,goal,true_state,positivity,utterance,rt,time_elapsed,language,expt_aim,goal_thoughts,expt_general
1,solo,social,heart2,was,good,18392,48999,English,Investigating how people perceive different language choices?,No, I did not think they had any other goals than these.,The instructions were clear and easy to follow. Thank you.
2,presentation,both,heart0,wasn't,amazing,29147,78176,English,Investigating how people perceive different language choices?,No, I did not think they had any other goals than these.,The instructions were clear and easy to follow. Thank you.
3,dance,both,heart1,wasn't,bad,13816,91998,English,Investigating how people perceive different language choices?,No, I did not think they had any other goals than these.,The instructions were clear and easy to follow. Thank you.
4,monologue,social,heart3,was,amazing,8685,100688,English,Investigating how people perceive different language choices?,No, I did not think they had any other goals than these.,The instructions were clear and easy to follow. Thank you.
5,app,informative,heart1,wasn't,terrible,27312,128004,English,Investigating how people perceive different language choices?,No, I did not think they had any other goals than these.,The instructions were clear and easy to follow. Thank you.
6,recital,both,heart3,was,amazing,9216,137223,English,Investigating how people perceive different language choices?,No, I did not think they had any other goals than these.,The instructions were clear and easy to follow. Thank you.
7,cake,informative,heart2,was,good,9592,146819,English,Investigating how people perceive different language choices?,No, I did not think they had any other goals than these.,The instructions were clear and easy to follow. Thank you.
8,poem,informative,heart3,was,amazing,10407,157229,English,Investigating how people perceive different language choices?,No, I did not think they had any other goals than these.,The instructions were clear and easy to follow. Thank you.
9,painting,both,heart2,was,good,7984,165217,English,Investigating how people perceive different language choices?,No, I did not think they had any other goals than these.,The instructions were clear and easy to follow. Thank you.
10,review,social,heart0,was,good,20000,185221,English,Investigating how people perceive different language choices?,No, I did not think they had any other goals than these.,The instructions were clear and easy to follow. Thank you.
11,song,social,heart1,was,good,9006,194230,English,Investigating how people perceive different language choices?,No, I did not think they had any other goals than these.,The instructions were clear and easy to follow. Thank you.
12,movie,informative,heart0,was,terrible,9297,203532,English,Investigating how people perceive different language choices?,No, I did not think they had any other goals than these.,The instructions were clear and easy to follow. Thank you.