trial,item,goal,true_state,positivity,utterance,rt,time_elapsed,language,expt_aim,goal_thoughts,expt_general
1,solo,both,heart3,was,amazing,17221,37604,English,Decide what the hearts meant and how someone would deliver their messages (good or bad) based on the heart rating,I didn't think that there was any other goal in mind,
2,presentation,both,heart1,was,terrible,14205,51821,English,Decide what the hearts meant and how someone would deliver their messages (good or bad) based on the heart rating,I didn't think that there was any other goal in mind,
3,recital,informative,heart0,was,terrible,15742,67566,English,Decide what the hearts meant and how someone would deliver their messages (good or bad) based on the heart rating,I didn't think that there was any other goal in mind,
4,cake,informative,heart3,was,amazing,9450,77019,English,Decide what the hearts meant and how someone would deliver their messages (good or bad) based on the heart rating,I didn't think that there was any other goal in mind,
5,painting,social,heart2,was,good,17693,94716,English,Decide what the hearts meant and how someone would deliver their messages (good or bad) based on the heart rating,I didn't think that there was any other goal in mind,
6,review,social,heart1,wasn't,terrible,12106,106824,English,Decide what the hearts meant and how someone would deliver their messages (good or bad) based on the heart rating,I didn't think that there was any other goal in mind,
7,dance,informative,heart2,was,good,13813,120641,English,Decide what the hearts meant and how someone would deliver their messages (good or bad) based on the heart rating,I didn't think that there was any other goal in mind,
8,app,both,heart0,was,terrible,13680,134325,English,Decide what the hearts meant and how someone would deliver their messages (good or bad) based on the heart rating,I didn't think that there was any other goal in mind,
9,song,informative,heart1,wasn't,terrible,9665,143993,English,Decide what the hearts meant and how someone would deliver their messages (good or bad) based on the heart rating,I didn't think that there was any other goal in mind,
10,poem,social,heart3,was,amazing,7413,151409,English,Decide what the hearts meant and how someone would deliver their messages (good or bad) based on the heart rating,I didn't think that there was any other goal in mind,
11,monologue,both,heart2,wasn't,bad,10275,161689,English,Decide what the hearts meant and how someone would deliver their messages (good or bad) based on the heart rating,I didn't think that there was any other goal in mind,
12,movie,social,heart0,was,terrible,10520,172212,English,Decide what the hearts meant and how someone would deliver their messages (good or bad) based on the heart rating,I didn't think that there was any other goal in mind,