trial,item,goal,true_state,positivity,utterance,rt,time_elapsed,language,expt_aim,goal_thoughts,expt_general
1,review,social,heart3,was,amazing,55857,95835,English,I'm not sure.,phrase things carefully to protect feelings?,no comments.
2,poem,social,heart1,was,good,23949,119793,English,I'm not sure.,phrase things carefully to protect feelings?,no comments.
3,recital,both,heart3,was,amazing,24749,144545,English,I'm not sure.,phrase things carefully to protect feelings?,no comments.
4,dance,informative,heart0,wasn't,good,24166,168714,English,I'm not sure.,phrase things carefully to protect feelings?,no comments.
5,song,both,heart2,was,good,29929,198644,English,I'm not sure.,phrase things carefully to protect feelings?,no comments.
6,app,informative,heart1,wasn't,good,30156,228802,English,I'm not sure.,phrase things carefully to protect feelings?,no comments.
7,monologue,informative,heart2,was,good,30342,259146,English,I'm not sure.,phrase things carefully to protect feelings?,no comments.
8,solo,both,heart0,wasn't,terrible,48524,307672,English,I'm not sure.,phrase things carefully to protect feelings?,no comments.
9,painting,social,heart2,was,amazing,15305,322979,English,I'm not sure.,phrase things carefully to protect feelings?,no comments.
10,cake,both,heart1,wasn't,terrible,35463,358445,English,I'm not sure.,phrase things carefully to protect feelings?,no comments.
11,presentation,social,heart0,was,good,7761,366207,English,I'm not sure.,phrase things carefully to protect feelings?,no comments.
12,movie,informative,heart3,was,good,12208,378417,English,I'm not sure.,phrase things carefully to protect feelings?,no comments.