trial,item,goal,true_state,positivity,utterance,rt,time_elapsed,language,expt_aim,goal_thoughts,expt_general
1,dance,informative,heart0,was,terrible,255220,292566,English,The assignment was about completing sentences by selecting appropriate words or phrases that best express opinions or experiences.,Yes, the people in this experiment may have had additional goals, such as trying to influence others’ perceptions, gather information, test reactions, or complete the task in a way that aligns with perceived expectations or experiment objectives.,No comments.
2,presentation,informative,heart1,wasn't,bad,37358,329944,English,The assignment was about completing sentences by selecting appropriate words or phrases that best express opinions or experiences.,Yes, the people in this experiment may have had additional goals, such as trying to influence others’ perceptions, gather information, test reactions, or complete the task in a way that aligns with perceived expectations or experiment objectives.,No comments.
3,monologue,informative,heart3,was,amazing,9528,339476,English,The assignment was about completing sentences by selecting appropriate words or phrases that best express opinions or experiences.,Yes, the people in this experiment may have had additional goals, such as trying to influence others’ perceptions, gather information, test reactions, or complete the task in a way that aligns with perceived expectations or experiment objectives.,No comments.
4,app,both,heart1,wasn't,bad,21808,361287,English,The assignment was about completing sentences by selecting appropriate words or phrases that best express opinions or experiences.,Yes, the people in this experiment may have had additional goals, such as trying to influence others’ perceptions, gather information, test reactions, or complete the task in a way that aligns with perceived expectations or experiment objectives.,No comments.
5,song,social,heart3,was,amazing,7428,368719,English,The assignment was about completing sentences by selecting appropriate words or phrases that best express opinions or experiences.,Yes, the people in this experiment may have had additional goals, such as trying to influence others’ perceptions, gather information, test reactions, or complete the task in a way that aligns with perceived expectations or experiment objectives.,No comments.
6,solo,social,heart2,was,good,9544,378267,English,The assignment was about completing sentences by selecting appropriate words or phrases that best express opinions or experiences.,Yes, the people in this experiment may have had additional goals, such as trying to influence others’ perceptions, gather information, test reactions, or complete the task in a way that aligns with perceived expectations or experiment objectives.,No comments.
7,recital,social,heart0,was,terrible,15746,394016,English,The assignment was about completing sentences by selecting appropriate words or phrases that best express opinions or experiences.,Yes, the people in this experiment may have had additional goals, such as trying to influence others’ perceptions, gather information, test reactions, or complete the task in a way that aligns with perceived expectations or experiment objectives.,No comments.
8,movie,both,heart2,was,good,7047,401066,English,The assignment was about completing sentences by selecting appropriate words or phrases that best express opinions or experiences.,Yes, the people in this experiment may have had additional goals, such as trying to influence others’ perceptions, gather information, test reactions, or complete the task in a way that aligns with perceived expectations or experiment objectives.,No comments.
9,painting,social,heart1,wasn't,bad,10415,411484,English,The assignment was about completing sentences by selecting appropriate words or phrases that best express opinions or experiences.,Yes, the people in this experiment may have had additional goals, such as trying to influence others’ perceptions, gather information, test reactions, or complete the task in a way that aligns with perceived expectations or experiment objectives.,No comments.
10,poem,both,heart0,was,terrible,7369,418856,English,The assignment was about completing sentences by selecting appropriate words or phrases that best express opinions or experiences.,Yes, the people in this experiment may have had additional goals, such as trying to influence others’ perceptions, gather information, test reactions, or complete the task in a way that aligns with perceived expectations or experiment objectives.,No comments.
11,cake,both,heart3,was,amazing,4723,423581,English,The assignment was about completing sentences by selecting appropriate words or phrases that best express opinions or experiences.,Yes, the people in this experiment may have had additional goals, such as trying to influence others’ perceptions, gather information, test reactions, or complete the task in a way that aligns with perceived expectations or experiment objectives.,No comments.
12,review,informative,heart2,was,good,5884,429468,English,The assignment was about completing sentences by selecting appropriate words or phrases that best express opinions or experiences.,Yes, the people in this experiment may have had additional goals, such as trying to influence others’ perceptions, gather information, test reactions, or complete the task in a way that aligns with perceived expectations or experiment objectives.,No comments.