trial,item,goal,true_state,positivity,utterance,rt,time_elapsed,language,expt_aim,goal_thoughts,expt_general
1,monologue,informative,heart2,wasn't,bad,20160,34275,English,Phrasing when we want to be perceived as nice,no,no thanks!
2,recital,social,heart1,wasn't,good,17731,52040,English,Phrasing when we want to be perceived as nice,no,no thanks!
3,solo,social,heart3,was,amazing,10467,62511,English,Phrasing when we want to be perceived as nice,no,no thanks!
4,app,both,heart0,was,terrible,14447,76966,English,Phrasing when we want to be perceived as nice,no,no thanks!
5,movie,social,heart2,wasn't,bad,9385,86362,English,Phrasing when we want to be perceived as nice,no,no thanks!
6,painting,informative,heart0,was,terrible,18727,105100,English,Phrasing when we want to be perceived as nice,no,no thanks!
7,song,both,heart1,wasn't,terrible,8906,114014,English,Phrasing when we want to be perceived as nice,no,no thanks!
8,presentation,both,heart2,was,good,12199,126222,English,Phrasing when we want to be perceived as nice,no,no thanks!
9,dance,both,heart3,was,amazing,9868,136098,English,Phrasing when we want to be perceived as nice,no,no thanks!
10,review,social,heart0,was,good,10273,146379,English,Phrasing when we want to be perceived as nice,no,no thanks!
11,cake,informative,heart3,was,good,18122,164508,English,Phrasing when we want to be perceived as nice,no,no thanks!
12,poem,informative,heart1,wasn't,terrible,10033,174548,English,Phrasing when we want to be perceived as nice,no,no thanks!