trial,item,goal,true_state,positivity,utterance,rt,time_elapsed,language,expt_aim,goal_thoughts,expt_general
1,presentation,social,heart0,wasn't,terrible,80382,209968,English,How social feedback from perceived experts affects self perception,Maintaining social harmony,
2,dance,both,heart3,was,amazing,32265,242248,English,How social feedback from perceived experts affects self perception,Maintaining social harmony,
3,cake,social,heart1,wasn't,bad,40764,283015,English,How social feedback from perceived experts affects self perception,Maintaining social harmony,
4,movie,both,heart0,wasn't,good,39318,322336,English,How social feedback from perceived experts affects self perception,Maintaining social harmony,
5,song,informative,heart3,wasn't,bad,40966,363304,English,How social feedback from perceived experts affects self perception,Maintaining social harmony,
6,review,social,heart2,was,good,58549,421856,English,How social feedback from perceived experts affects self perception,Maintaining social harmony,
7,monologue,informative,heart0,was,terrible,17629,439487,English,How social feedback from perceived experts affects self perception,Maintaining social harmony,
8,painting,informative,heart2,wasn't,bad,35694,475183,English,How social feedback from perceived experts affects self perception,Maintaining social harmony,
9,recital,informative,heart1,was,terrible,17077,492263,English,How social feedback from perceived experts affects self perception,Maintaining social harmony,
10,app,social,heart3,was,good,33166,525431,English,How social feedback from perceived experts affects self perception,Maintaining social harmony,
11,solo,both,heart2,was,good,34837,560271,English,How social feedback from perceived experts affects self perception,Maintaining social harmony,
12,poem,both,heart1,wasn't,terrible,25709,585983,English,How social feedback from perceived experts affects self perception,Maintaining social harmony,