trial,item,goal,true_state,positivity,utterance,rt,time_elapsed,language,expt_aim,goal_thoughts,expt_general
1,presentation,social,heart1,was,good,34039,332944,English,I think it is basically how people comments on people's performance without making them feel bad,I don't think so,N/A
2,dance,social,heart3,was,amazing,53861,386816,English,I think it is basically how people comments on people's performance without making them feel bad,I don't think so,N/A
3,poem,informative,heart2,was,good,10647,397465,English,I think it is basically how people comments on people's performance without making them feel bad,I don't think so,N/A
4,app,both,heart0,wasn't,bad,59843,457312,English,I think it is basically how people comments on people's performance without making them feel bad,I don't think so,N/A
5,movie,social,heart2,was,good,9181,466496,English,I think it is basically how people comments on people's performance without making them feel bad,I don't think so,N/A
6,painting,social,heart0,wasn't,bad,7740,474238,English,I think it is basically how people comments on people's performance without making them feel bad,I don't think so,N/A
7,solo,both,heart2,was,good,20243,494483,English,I think it is basically how people comments on people's performance without making them feel bad,I don't think so,N/A
8,recital,both,heart1,was,good,12717,507203,English,I think it is basically how people comments on people's performance without making them feel bad,I don't think so,N/A
9,cake,informative,heart3,was,amazing,8330,515536,English,I think it is basically how people comments on people's performance without making them feel bad,I don't think so,N/A
10,review,informative,heart1,was,good,7628,523166,English,I think it is basically how people comments on people's performance without making them feel bad,I don't think so,N/A
11,monologue,informative,heart0,wasn't,bad,30315,553484,English,I think it is basically how people comments on people's performance without making them feel bad,I don't think so,N/A
12,song,both,heart3,was,amazing,14251,567737,English,I think it is basically how people comments on people's performance without making them feel bad,I don't think so,N/A