trial,item,goal,true_state,positivity,utterance,rt,time_elapsed,language,expt_aim,goal_thoughts,expt_general
1,recital,social,heart3,was,amazing,63188,245135,English,I think it was about how people’s choice of words can shape how we interpret their intentions or qualities.,,
2,app,both,heart1,wasn't,terrible,35994,281131,English,I think it was about how people’s choice of words can shape how we interpret their intentions or qualities.,,
3,painting,informative,heart2,was,amazing,29836,310971,English,I think it was about how people’s choice of words can shape how we interpret their intentions or qualities.,,
4,song,both,heart0,wasn't,terrible,26817,337740,English,I think it was about how people’s choice of words can shape how we interpret their intentions or qualities.,,
5,presentation,social,heart1,was,good,23201,360945,English,I think it was about how people’s choice of words can shape how we interpret their intentions or qualities.,,
6,review,both,heart3,was,amazing,13750,374696,English,I think it was about how people’s choice of words can shape how we interpret their intentions or qualities.,,
7,poem,informative,heart1,wasn't,bad,21500,396200,English,I think it was about how people’s choice of words can shape how we interpret their intentions or qualities.,,
8,cake,both,heart2,was,good,13155,409356,English,I think it was about how people’s choice of words can shape how we interpret their intentions or qualities.,,
9,monologue,informative,heart0,wasn't,terrible,6308,415667,English,I think it was about how people’s choice of words can shape how we interpret their intentions or qualities.,,
10,movie,social,heart2,was,good,8259,423928,English,I think it was about how people’s choice of words can shape how we interpret their intentions or qualities.,,
11,solo,informative,heart3,wasn't,terrible,27797,451727,English,I think it was about how people’s choice of words can shape how we interpret their intentions or qualities.,,
12,dance,social,heart0,wasn't,terrible,39783,491512,English,I think it was about how people’s choice of words can shape how we interpret their intentions or qualities.,,