trial,item,goal,true_state,positivity,utterance,rt,time_elapsed,language,expt_aim,goal_thoughts,expt_general
1,song,social,heart0,was,good,23191,61642,English,social niceties vs the truth,to not be hated, sometimes,none
2,poem,social,heart1,was,good,10436,72084,English,social niceties vs the truth,to not be hated, sometimes,none
3,review,informative,heart2,was,good,11601,83687,English,social niceties vs the truth,to not be hated, sometimes,none
4,app,informative,heart1,wasn't,bad,17794,101483,English,social niceties vs the truth,to not be hated, sometimes,none
5,painting,informative,heart3,was,good,15114,116598,English,social niceties vs the truth,to not be hated, sometimes,none
6,cake,social,heart2,was,amazing,10656,127255,English,social niceties vs the truth,to not be hated, sometimes,none
7,recital,social,heart3,was,amazing,17758,145014,English,social niceties vs the truth,to not be hated, sometimes,none
8,movie,both,heart2,was,good,9869,154885,English,social niceties vs the truth,to not be hated, sometimes,none
9,solo,both,heart1,wasn't,bad,11020,165908,English,social niceties vs the truth,to not be hated, sometimes,none
10,monologue,both,heart0,wasn't,terrible,9706,175615,English,social niceties vs the truth,to not be hated, sometimes,none
11,presentation,both,heart3,was,amazing,8538,184155,English,social niceties vs the truth,to not be hated, sometimes,none
12,dance,informative,heart0,was,terrible,11321,195477,English,social niceties vs the truth,to not be hated, sometimes,none