trial,item,goal,true_state,positivity,utterance,rt,time_elapsed,language,expt_aim,goal_thoughts,expt_general
1,review,informative,heart2,wasn't,bad,82954,150076,English,The experiment was good and informative,Yes,to make their friends feel happy,No comment
2,song,both,heart3,was,good,40864,190959,English,The experiment was good and informative,Yes,to make their friends feel happy,No comment
3,recital,social,heart0,wasn't,bad,29980,220943,English,The experiment was good and informative,Yes,to make their friends feel happy,No comment
4,presentation,social,heart2,was,good,31948,252893,English,The experiment was good and informative,Yes,to make their friends feel happy,No comment
5,solo,social,heart3,wasn't,terrible,15566,268461,English,The experiment was good and informative,Yes,to make their friends feel happy,No comment
6,painting,both,heart1,was,good,14934,283399,English,The experiment was good and informative,Yes,to make their friends feel happy,No comment
7,movie,both,heart0,was,good,9243,292645,English,The experiment was good and informative,Yes,to make their friends feel happy,No comment
8,app,informative,heart3,was,amazing,16058,308706,English,The experiment was good and informative,Yes,to make their friends feel happy,No comment
9,cake,informative,heart1,wasn't,bad,9223,317931,English,The experiment was good and informative,Yes,to make their friends feel happy,No comment
10,monologue,both,heart2,was,bad,5552,323485,English,The experiment was good and informative,Yes,to make their friends feel happy,No comment
11,dance,social,heart1,wasn't,bad,8627,332115,English,The experiment was good and informative,Yes,to make their friends feel happy,No comment
12,poem,informative,heart0,wasn't,bad,8295,340413,English,The experiment was good and informative,Yes,to make their friends feel happy,No comment