trial,item,goal,true_state,positivity,utterance,rt,time_elapsed,language,expt_aim,goal_thoughts,expt_general
1,poem,both,heart0,wasn't,terrible,76224,170563,English,interpreting language,no,no
2,monologue,both,heart3,was,amazing,32909,203477,English,interpreting language,no,no
3,cake,social,heart0,was,good,49996,253477,English,interpreting language,no,no
4,movie,informative,heart3,wasn't,bad,40225,293706,English,interpreting language,no,no
5,presentation,both,heart2,was,good,43581,337292,English,interpreting language,no,no
6,solo,social,heart1,was,good,39653,376950,English,interpreting language,no,no
7,dance,social,heart2,was,amazing,29046,405999,English,interpreting language,no,no
8,song,informative,heart1,was,bad,42200,448202,English,interpreting language,no,no
9,app,informative,heart2,wasn't,bad,27346,475552,English,interpreting language,no,no
10,painting,social,heart3,was,good,29383,504939,English,interpreting language,no,no
11,recital,both,heart1,wasn't,bad,24915,529856,English,interpreting language,no,no
12,review,informative,heart0,was,bad,31686,561546,English,interpreting language,no,no