trial,item,goal,true_state,positivity,utterance,rt,time_elapsed,language,expt_aim,goal_thoughts,expt_general
1,dance,social,heart3,was,good,56930,99943,English,Not really sure.,No, people usually only give feedback depending on how they feel about the person they are talking to,This was an odd task
2,monologue,social,heart1,was,good,36408,136366,English,Not really sure.,No, people usually only give feedback depending on how they feel about the person they are talking to,This was an odd task
3,presentation,social,heart2,was,good,32270,168639,English,Not really sure.,No, people usually only give feedback depending on how they feel about the person they are talking to,This was an odd task
4,cake,informative,heart1,wasn't,bad,44388,213030,English,Not really sure.,No, people usually only give feedback depending on how they feel about the person they are talking to,This was an odd task
5,solo,both,heart2,was,good,20685,233718,English,Not really sure.,No, people usually only give feedback depending on how they feel about the person they are talking to,This was an odd task
6,movie,informative,heart0,was,bad,19416,253138,English,Not really sure.,No, people usually only give feedback depending on how they feel about the person they are talking to,This was an odd task
7,review,informative,heart2,wasn't,amazing,50833,303974,English,Not really sure.,No, people usually only give feedback depending on how they feel about the person they are talking to,This was an odd task
8,poem,both,heart0,wasn't,terrible,11594,315570,English,Not really sure.,No, people usually only give feedback depending on how they feel about the person they are talking to,This was an odd task
9,app,both,heart3,was,amazing,11541,327114,English,Not really sure.,No, people usually only give feedback depending on how they feel about the person they are talking to,This was an odd task
10,song,both,heart1,wasn't,bad,13978,341094,English,Not really sure.,No, people usually only give feedback depending on how they feel about the person they are talking to,This was an odd task
11,recital,informative,heart3,was,good,17778,358874,English,Not really sure.,No, people usually only give feedback depending on how they feel about the person they are talking to,This was an odd task
12,painting,social,heart0,was,good,14726,373602,English,Not really sure.,No, people usually only give feedback depending on how they feel about the person they are talking to,This was an odd task