trial,item,goal,true_state,positivity,utterance,rt,time_elapsed,language,expt_aim,goal_thoughts,expt_general
1,app,informative,heart1,was,bad,53990,78274,English,How people can predict the outcomes of what people may do,None that I can think of at this time,No further comments
2,painting,informative,heart2,was,good,28926,107214,English,How people can predict the outcomes of what people may do,None that I can think of at this time,No further comments
3,solo,both,heart1,wasn't,terrible,27270,134492,English,How people can predict the outcomes of what people may do,None that I can think of at this time,No further comments
4,review,social,heart0,wasn't,bad,14044,148541,English,How people can predict the outcomes of what people may do,None that I can think of at this time,No further comments
5,recital,social,heart2,was,amazing,14227,162783,English,How people can predict the outcomes of what people may do,None that I can think of at this time,No further comments
6,cake,both,heart3,was,amazing,15264,178069,English,How people can predict the outcomes of what people may do,None that I can think of at this time,No further comments
7,presentation,both,heart0,wasn't,bad,19313,197495,English,How people can predict the outcomes of what people may do,None that I can think of at this time,No further comments
8,poem,social,heart3,was,amazing,12891,210394,English,How people can predict the outcomes of what people may do,None that I can think of at this time,No further comments
9,song,social,heart1,wasn't,terrible,14344,224747,English,How people can predict the outcomes of what people may do,None that I can think of at this time,No further comments
10,dance,informative,heart0,was,terrible,19749,244502,English,How people can predict the outcomes of what people may do,None that I can think of at this time,No further comments
11,monologue,informative,heart3,was,amazing,9917,254433,English,How people can predict the outcomes of what people may do,None that I can think of at this time,No further comments
12,movie,both,heart2,was,good,4549,258991,English,How people can predict the outcomes of what people may do,None that I can think of at this time,No further comments