trial,item,goal,true_state,positivity,utterance,rt,time_elapsed,language,expt_aim,goal_thoughts,expt_general
1,solo,social,heart1,was,amazing,126258,526789,English,Testing how people perceive information.,Effective.,The experiment was interesting, I would love to do more of these.
2,poem,informative,heart0,was,bad,36974,563778,English,Testing how people perceive information.,Effective.,The experiment was interesting, I would love to do more of these.
3,recital,social,heart3,was,amazing,54672,618454,English,Testing how people perceive information.,Effective.,The experiment was interesting, I would love to do more of these.
4,app,social,heart0,wasn't,bad,14379,632837,English,Testing how people perceive information.,Effective.,The experiment was interesting, I would love to do more of these.
5,monologue,both,heart2,wasn't,bad,28955,661797,English,Testing how people perceive information.,Effective.,The experiment was interesting, I would love to do more of these.
6,dance,informative,heart1,wasn't,good,25677,687477,English,Testing how people perceive information.,Effective.,The experiment was interesting, I would love to do more of these.
7,painting,both,heart3,was,amazing,9877,697358,English,Testing how people perceive information.,Effective.,The experiment was interesting, I would love to do more of these.
8,cake,both,heart1,wasn't,bad,15041,712403,English,Testing how people perceive information.,Effective.,The experiment was interesting, I would love to do more of these.
9,review,informative,heart2,wasn't,amazing,14585,726991,English,Testing how people perceive information.,Effective.,The experiment was interesting, I would love to do more of these.
10,presentation,both,heart0,wasn't,terrible,10597,737590,English,Testing how people perceive information.,Effective.,The experiment was interesting, I would love to do more of these.
11,movie,social,heart2,was,amazing,18546,756139,English,Testing how people perceive information.,Effective.,The experiment was interesting, I would love to do more of these.
12,song,informative,heart3,wasn't,bad,18531,774674,English,Testing how people perceive information.,Effective.,The experiment was interesting, I would love to do more of these.