trial,item,goal,true_state,positivity,utterance,rt,time_elapsed,language,expt_aim,goal_thoughts,expt_general
1,poem,social,heart3,was,amazing,212115,416192,English,I think the main aim of this study is to determine how people would react to different scenarios,I think there are no other goals from the ones already mentioned,Nice and engaging study
2,song,informative,heart2,was,good,70990,487205,English,I think the main aim of this study is to determine how people would react to different scenarios,I think there are no other goals from the ones already mentioned,Nice and engaging study
3,app,social,heart0,was,terrible,14007,501215,English,I think the main aim of this study is to determine how people would react to different scenarios,I think there are no other goals from the ones already mentioned,Nice and engaging study
4,presentation,social,heart1,wasn't,bad,8058,509277,English,I think the main aim of this study is to determine how people would react to different scenarios,I think there are no other goals from the ones already mentioned,Nice and engaging study
5,review,both,heart0,wasn't,terrible,40734,550019,English,I think the main aim of this study is to determine how people would react to different scenarios,I think there are no other goals from the ones already mentioned,Nice and engaging study
6,movie,informative,heart3,was,amazing,12687,562716,English,I think the main aim of this study is to determine how people would react to different scenarios,I think there are no other goals from the ones already mentioned,Nice and engaging study
7,monologue,both,heart2,was,good,13056,575776,English,I think the main aim of this study is to determine how people would react to different scenarios,I think there are no other goals from the ones already mentioned,Nice and engaging study
8,dance,informative,heart0,was,terrible,7135,582921,English,I think the main aim of this study is to determine how people would react to different scenarios,I think there are no other goals from the ones already mentioned,Nice and engaging study
9,painting,informative,heart1,wasn't,bad,70098,653021,English,I think the main aim of this study is to determine how people would react to different scenarios,I think there are no other goals from the ones already mentioned,Nice and engaging study
10,solo,social,heart2,was,good,5465,658490,English,I think the main aim of this study is to determine how people would react to different scenarios,I think there are no other goals from the ones already mentioned,Nice and engaging study
11,recital,both,heart1,wasn't,bad,5147,663645,English,I think the main aim of this study is to determine how people would react to different scenarios,I think there are no other goals from the ones already mentioned,Nice and engaging study
12,cake,both,heart3,was,amazing,14952,678604,English,I think the main aim of this study is to determine how people would react to different scenarios,I think there are no other goals from the ones already mentioned,Nice and engaging study