trial,item,goal,true_state,positivity,utterance,rt,time_elapsed,language,expt_aim,goal_thoughts,expt_general
1,song,social,heart2,was,good,93252,171717,Serbian,It was about how people decide to express their feedback.,They wanted to keep their relationship clear of arguments.,The study was enjoyable. I appreciate the opportunity!
2,presentation,both,heart0,was,bad,122695,294445,Serbian,It was about how people decide to express their feedback.,They wanted to keep their relationship clear of arguments.,The study was enjoyable. I appreciate the opportunity!
3,cake,social,heart3,was,amazing,54412,348876,Serbian,It was about how people decide to express their feedback.,They wanted to keep their relationship clear of arguments.,The study was enjoyable. I appreciate the opportunity!
4,app,social,heart0,was,amazing,58709,407596,Serbian,It was about how people decide to express their feedback.,They wanted to keep their relationship clear of arguments.,The study was enjoyable. I appreciate the opportunity!
5,poem,informative,heart3,was,good,91173,498778,Serbian,It was about how people decide to express their feedback.,They wanted to keep their relationship clear of arguments.,The study was enjoyable. I appreciate the opportunity!
6,dance,informative,heart2,was,good,51577,550381,Serbian,It was about how people decide to express their feedback.,They wanted to keep their relationship clear of arguments.,The study was enjoyable. I appreciate the opportunity!
7,painting,informative,heart1,was,bad,49179,599573,Serbian,It was about how people decide to express their feedback.,They wanted to keep their relationship clear of arguments.,The study was enjoyable. I appreciate the opportunity!
8,monologue,informative,heart0,was,terrible,49853,649444,Serbian,It was about how people decide to express their feedback.,They wanted to keep their relationship clear of arguments.,The study was enjoyable. I appreciate the opportunity!
9,recital,social,heart1,was,amazing,57359,706814,Serbian,It was about how people decide to express their feedback.,They wanted to keep their relationship clear of arguments.,The study was enjoyable. I appreciate the opportunity!
10,solo,both,heart3,was,amazing,63821,770648,Serbian,It was about how people decide to express their feedback.,They wanted to keep their relationship clear of arguments.,The study was enjoyable. I appreciate the opportunity!
11,review,both,heart1,was,good,52661,823315,Serbian,It was about how people decide to express their feedback.,They wanted to keep their relationship clear of arguments.,The study was enjoyable. I appreciate the opportunity!
12,movie,both,heart2,was,good,46955,870285,Serbian,It was about how people decide to express their feedback.,They wanted to keep their relationship clear of arguments.,The study was enjoyable. I appreciate the opportunity!