trial,item,goal,true_state,positivity,utterance,rt,time_elapsed,language,expt_aim,goal_thoughts,expt_general
1,app,social,heart1,was,good,27853,57607,English,The cognitive dissonance between what we genuinely think and what we will say to people to spare their feelings, but still try to be accurate/honest.,Perhaps trying to carry favour with people so they can ask for things in the future?,Good luck!
2,dance,informative,heart0,wasn't,bad,30641,88254,English,The cognitive dissonance between what we genuinely think and what we will say to people to spare their feelings, but still try to be accurate/honest.,Perhaps trying to carry favour with people so they can ask for things in the future?,Good luck!
3,poem,informative,heart1,wasn't,good,30189,118444,English,The cognitive dissonance between what we genuinely think and what we will say to people to spare their feelings, but still try to be accurate/honest.,Perhaps trying to carry favour with people so they can ask for things in the future?,Good luck!
4,cake,social,heart3,was,amazing,16029,134475,English,The cognitive dissonance between what we genuinely think and what we will say to people to spare their feelings, but still try to be accurate/honest.,Perhaps trying to carry favour with people so they can ask for things in the future?,Good luck!
5,monologue,social,heart0,wasn't,bad,17630,152107,English,The cognitive dissonance between what we genuinely think and what we will say to people to spare their feelings, but still try to be accurate/honest.,Perhaps trying to carry favour with people so they can ask for things in the future?,Good luck!
6,recital,both,heart3,was,amazing,12319,164427,English,The cognitive dissonance between what we genuinely think and what we will say to people to spare their feelings, but still try to be accurate/honest.,Perhaps trying to carry favour with people so they can ask for things in the future?,Good luck!
7,painting,both,heart1,wasn't,bad,18081,182510,English,The cognitive dissonance between what we genuinely think and what we will say to people to spare their feelings, but still try to be accurate/honest.,Perhaps trying to carry favour with people so they can ask for things in the future?,Good luck!
8,presentation,social,heart2,was,good,11655,194166,English,The cognitive dissonance between what we genuinely think and what we will say to people to spare their feelings, but still try to be accurate/honest.,Perhaps trying to carry favour with people so they can ask for things in the future?,Good luck!
9,song,both,heart0,was,amazing,10821,204989,English,The cognitive dissonance between what we genuinely think and what we will say to people to spare their feelings, but still try to be accurate/honest.,Perhaps trying to carry favour with people so they can ask for things in the future?,Good luck!
10,movie,informative,heart2,wasn't,bad,15359,220349,English,The cognitive dissonance between what we genuinely think and what we will say to people to spare their feelings, but still try to be accurate/honest.,Perhaps trying to carry favour with people so they can ask for things in the future?,Good luck!
11,solo,informative,heart3,wasn't,bad,14124,234474,English,The cognitive dissonance between what we genuinely think and what we will say to people to spare their feelings, but still try to be accurate/honest.,Perhaps trying to carry favour with people so they can ask for things in the future?,Good luck!
12,review,both,heart2,was,good,11604,246079,English,The cognitive dissonance between what we genuinely think and what we will say to people to spare their feelings, but still try to be accurate/honest.,Perhaps trying to carry favour with people so they can ask for things in the future?,Good luck!