trial,item,goal,true_state,positivity,utterance,rt,time_elapsed,language,expt_aim,goal_thoughts,expt_general
1,dance,informative,heart3,was,amazing,40927,80350,English,Seeing how we percept giving accurate feedback and conscious of the others feelings?,To trick the other person? I'm not sure,
2,solo,informative,heart0,was,bad,28257,108612,English,Seeing how we percept giving accurate feedback and conscious of the others feelings?,To trick the other person? I'm not sure,
3,painting,both,heart1,wasn't,good,13333,121949,English,Seeing how we percept giving accurate feedback and conscious of the others feelings?,To trick the other person? I'm not sure,
4,monologue,social,heart0,was,amazing,26833,148785,English,Seeing how we percept giving accurate feedback and conscious of the others feelings?,To trick the other person? I'm not sure,
5,cake,social,heart3,was,good,11912,160702,English,Seeing how we percept giving accurate feedback and conscious of the others feelings?,To trick the other person? I'm not sure,
6,poem,both,heart0,wasn't,amazing,16714,177419,English,Seeing how we percept giving accurate feedback and conscious of the others feelings?,To trick the other person? I'm not sure,
7,song,informative,heart1,wasn't,bad,21027,198450,English,Seeing how we percept giving accurate feedback and conscious of the others feelings?,To trick the other person? I'm not sure,
8,movie,both,heart2,was,good,7955,206408,English,Seeing how we percept giving accurate feedback and conscious of the others feelings?,To trick the other person? I'm not sure,
9,presentation,social,heart1,was,good,11716,218127,English,Seeing how we percept giving accurate feedback and conscious of the others feelings?,To trick the other person? I'm not sure,
10,review,informative,heart2,wasn't,terrible,26338,244470,English,Seeing how we percept giving accurate feedback and conscious of the others feelings?,To trick the other person? I'm not sure,
11,app,both,heart3,was,amazing,6953,251425,English,Seeing how we percept giving accurate feedback and conscious of the others feelings?,To trick the other person? I'm not sure,
12,recital,social,heart2,was,amazing,10862,262291,English,Seeing how we percept giving accurate feedback and conscious of the others feelings?,To trick the other person? I'm not sure,