trial,item,goal,true_state,positivity,utterance,rt,time_elapsed,language,expt_aim,goal_thoughts,expt_general
1,poem,informative,heart1,was,good,124884,351954,English,Understanding how people express opinions based on their true feelings and social context.,No,No
2,cake,social,heart2,was,amazing,21127,373110,English,Understanding how people express opinions based on their true feelings and social context.,No,No
3,presentation,social,heart0,was,terrible,21627,394743,English,Understanding how people express opinions based on their true feelings and social context.,No,No
4,dance,both,heart2,was,good,20287,415038,English,Understanding how people express opinions based on their true feelings and social context.,No,No
5,review,both,heart3,was,amazing,20059,435105,English,Understanding how people express opinions based on their true feelings and social context.,No,No
6,recital,social,heart1,was,bad,27220,462331,English,Understanding how people express opinions based on their true feelings and social context.,No,No
7,painting,informative,heart2,was,good,18074,480411,English,Understanding how people express opinions based on their true feelings and social context.,No,No
8,movie,informative,heart3,was,amazing,14865,495281,English,Understanding how people express opinions based on their true feelings and social context.,No,No
9,app,informative,heart0,wasn't,good,30022,525309,English,Understanding how people express opinions based on their true feelings and social context.,No,No
10,song,social,heart3,was,amazing,10934,536247,English,Understanding how people express opinions based on their true feelings and social context.,No,No
11,solo,both,heart1,wasn't,bad,9022,545274,English,Understanding how people express opinions based on their true feelings and social context.,No,No
12,monologue,both,heart0,wasn't,good,21133,566412,English,Understanding how people express opinions based on their true feelings and social context.,No,No