trial,item,goal,true_state,positivity,utterance,rt,time_elapsed,language,expt_aim,goal_thoughts,expt_general
1,poem,social,heart3,was,amazing,40918,69735,english,I am not sure!,To get to the end of an interraction,nope!
2,dance,both,heart0,wasn't,terrible,26204,95953,english,I am not sure!,To get to the end of an interraction,nope!
3,presentation,both,heart2,was,good,27768,123725,english,I am not sure!,To get to the end of an interraction,nope!
4,solo,social,heart1,wasn't,bad,25773,149501,english,I am not sure!,To get to the end of an interraction,nope!
5,movie,informative,heart0,was,terrible,17991,167495,english,I am not sure!,To get to the end of an interraction,nope!
6,monologue,informative,heart3,wasn't,bad,24077,191574,english,I am not sure!,To get to the end of an interraction,nope!
7,recital,informative,heart2,was,good,11442,203018,english,I am not sure!,To get to the end of an interraction,nope!
8,cake,informative,heart1,wasn't,terrible,11276,214297,english,I am not sure!,To get to the end of an interraction,nope!
9,app,both,heart3,was,amazing,11918,226217,english,I am not sure!,To get to the end of an interraction,nope!
10,song,both,heart1,was,good,16107,242327,english,I am not sure!,To get to the end of an interraction,nope!
11,painting,social,heart2,was,amazing,13488,255817,english,I am not sure!,To get to the end of an interraction,nope!
12,review,social,heart0,was,good,14138,269956,english,I am not sure!,To get to the end of an interraction,nope!