trial,item,goal,true_state,positivity,utterance,rt,time_elapsed,language,expt_aim,goal_thoughts,expt_general
1,presentation,informative,heart1,wasn't,amazing,52394,96808,English,Gathering opinions on how people respond to others based off of how they want to treat their feelings.,I think that sums it up.,
2,dance,social,heart3,was,amazing,25304,122151,English,Gathering opinions on how people respond to others based off of how they want to treat their feelings.,I think that sums it up.,
3,song,informative,heart0,was,terrible,33222,155380,English,Gathering opinions on how people respond to others based off of how they want to treat their feelings.,I think that sums it up.,
4,cake,social,heart2,was,amazing,26018,181404,English,Gathering opinions on how people respond to others based off of how they want to treat their feelings.,I think that sums it up.,
5,monologue,informative,heart3,was,good,26538,207949,English,Gathering opinions on how people respond to others based off of how they want to treat their feelings.,I think that sums it up.,
6,painting,both,heart2,was,good,21921,229877,English,Gathering opinions on how people respond to others based off of how they want to treat their feelings.,I think that sums it up.,
7,movie,both,heart3,was,amazing,12384,242270,English,Gathering opinions on how people respond to others based off of how they want to treat their feelings.,I think that sums it up.,
8,review,both,heart0,wasn't,terrible,26429,268705,English,Gathering opinions on how people respond to others based off of how they want to treat their feelings.,I think that sums it up.,
9,app,social,heart1,was,good,11972,280684,English,Gathering opinions on how people respond to others based off of how they want to treat their feelings.,I think that sums it up.,
10,poem,informative,heart2,wasn't,bad,14443,295132,English,Gathering opinions on how people respond to others based off of how they want to treat their feelings.,I think that sums it up.,
11,solo,social,heart0,was,good,18898,314036,English,Gathering opinions on how people respond to others based off of how they want to treat their feelings.,I think that sums it up.,
12,recital,both,heart1,was,good,9933,323974,English,Gathering opinions on how people respond to others based off of how they want to treat their feelings.,I think that sums it up.,