trial,item,goal,true_state,positivity,utterance,rt,time_elapsed,language,expt_aim,goal_thoughts,expt_general
1,poem,both,heart3,was,amazing,45019,289288,English,How people interpret ratings,No,None
2,painting,informative,heart1,wasn't,amazing,51390,340728,English,How people interpret ratings,No,None
3,recital,informative,heart0,wasn't,good,59194,399931,English,How people interpret ratings,No,None
4,monologue,both,heart2,was,good,17031,416970,English,How people interpret ratings,No,None
5,cake,both,heart0,was,bad,14459,431438,English,How people interpret ratings,No,None
6,solo,both,heart1,wasn't,terrible,8971,440418,English,How people interpret ratings,No,None
7,dance,informative,heart2,was,good,13965,454393,English,How people interpret ratings,No,None
8,presentation,informative,heart3,was,amazing,9135,463538,English,How people interpret ratings,No,None
9,song,social,heart1,wasn't,bad,11091,474637,English,How people interpret ratings,No,None
10,movie,social,heart3,was,amazing,15564,490208,English,How people interpret ratings,No,None
11,app,social,heart2,was,good,6092,496308,English,How people interpret ratings,No,None
12,review,social,heart0,was,bad,14313,510628,English,How people interpret ratings,No,None