trial,item,goal,true_state,positivity,utterance,rt,time_elapsed,language,expt_aim,goal_thoughts,expt_general
1,movie,both,heart3,was,amazing,72634,92232,English,How to balance honeset feedback with compassion,To balance the fine line between honesty and kindness,
2,review,social,heart1,was,good,24317,116559,English,How to balance honeset feedback with compassion,To balance the fine line between honesty and kindness,
3,solo,social,heart0,wasn't,terrible,21807,138368,English,How to balance honeset feedback with compassion,To balance the fine line between honesty and kindness,
4,poem,both,heart2,was,good,35615,173985,English,How to balance honeset feedback with compassion,To balance the fine line between honesty and kindness,
5,dance,both,heart0,wasn't,terrible,17970,191957,English,How to balance honeset feedback with compassion,To balance the fine line between honesty and kindness,
6,monologue,social,heart2,was,amazing,12433,204393,English,How to balance honeset feedback with compassion,To balance the fine line between honesty and kindness,
7,cake,informative,heart0,was,terrible,11421,215817,English,How to balance honeset feedback with compassion,To balance the fine line between honesty and kindness,
8,painting,informative,heart1,was,bad,818693,1034515,English,How to balance honeset feedback with compassion,To balance the fine line between honesty and kindness,
9,app,informative,heart3,was,good,17865,1052382,English,How to balance honeset feedback with compassion,To balance the fine line between honesty and kindness,
10,recital,both,heart1,wasn't,bad,15639,1068023,English,How to balance honeset feedback with compassion,To balance the fine line between honesty and kindness,
11,song,informative,heart2,wasn't,bad,10621,1078646,English,How to balance honeset feedback with compassion,To balance the fine line between honesty and kindness,
12,presentation,social,heart3,was,good,14333,1092981,English,How to balance honeset feedback with compassion,To balance the fine line between honesty and kindness,