trial,item,goal,true_state,positivity,utterance,rt,time_elapsed,language,expt_aim,goal_thoughts,expt_general
1,song,informative,heart1,wasn't,bad,47426,119229,english,perception ,no,none
2,presentation,social,heart3,wasn't,bad,24379,143622,english,perception ,no,none
3,painting,both,heart1,was,amazing,15009,158634,english,perception ,no,none
4,movie,both,heart0,wasn't,terrible,19455,178092,english,perception ,no,none
5,cake,both,heart3,was,amazing,12969,191065,english,perception ,no,none
6,solo,informative,heart2,was,good,12090,203156,english,perception ,no,none
7,poem,social,heart0,was,good,14516,217675,english,perception ,no,none
8,recital,informative,heart3,wasn't,bad,18867,236545,english,perception ,no,none
9,dance,both,heart2,was,good,13132,249679,english,perception ,no,none
10,app,social,heart1,was,good,8255,257935,english,perception ,no,none
11,review,informative,heart0,was,terrible,13434,271372,english,perception ,no,none
12,monologue,social,heart2,wasn't,bad,19314,290687,english,perception ,no,none