trial,item,goal,true_state,positivity,utterance,rt,time_elapsed,language,expt_aim,goal_thoughts,expt_general
1,monologue,informative,heart2,wasn't,terrible,40910,80240,English,To determine how people would say certain things when both accuracy and feelings are on the line.,I do not think so.,No comments to add.
2,recital,both,heart1,wasn't,terrible,42497,122752,English,To determine how people would say certain things when both accuracy and feelings are on the line.,I do not think so.,No comments to add.
3,presentation,informative,heart3,wasn't,bad,18996,141752,English,To determine how people would say certain things when both accuracy and feelings are on the line.,I do not think so.,No comments to add.
4,review,both,heart0,wasn't,bad,28812,170568,English,To determine how people would say certain things when both accuracy and feelings are on the line.,I do not think so.,No comments to add.
5,cake,social,heart3,was,good,29572,200144,English,To determine how people would say certain things when both accuracy and feelings are on the line.,I do not think so.,No comments to add.
6,solo,informative,heart1,was,bad,19670,219817,English,To determine how people would say certain things when both accuracy and feelings are on the line.,I do not think so.,No comments to add.
7,movie,both,heart2,was,good,15013,234833,English,To determine how people would say certain things when both accuracy and feelings are on the line.,I do not think so.,No comments to add.
8,song,social,heart0,wasn't,terrible,13765,248601,English,To determine how people would say certain things when both accuracy and feelings are on the line.,I do not think so.,No comments to add.
9,dance,both,heart3,was,amazing,12789,261393,English,To determine how people would say certain things when both accuracy and feelings are on the line.,I do not think so.,No comments to add.
10,painting,social,heart1,was,good,30958,292354,English,To determine how people would say certain things when both accuracy and feelings are on the line.,I do not think so.,No comments to add.
11,app,social,heart2,was,amazing,18437,310794,English,To determine how people would say certain things when both accuracy and feelings are on the line.,I do not think so.,No comments to add.
12,poem,informative,heart0,was,terrible,15454,326250,English,To determine how people would say certain things when both accuracy and feelings are on the line.,I do not think so.,No comments to add.