trial,item,goal,true_state,positivity,utterance,rt,time_elapsed,language,expt_aim,goal_thoughts,expt_general
1,poem,informative,heart1,was,bad,41910,81201,English,It was okay. ,To not hurt peoples feelings,Thanks
2,monologue,social,heart2,was,good,21435,102659,English,It was okay. ,To not hurt peoples feelings,Thanks
3,app,social,heart3,was,amazing,15476,118138,English,It was okay. ,To not hurt peoples feelings,Thanks
4,movie,social,heart1,wasn't,good,66988,185129,English,It was okay. ,To not hurt peoples feelings,Thanks
5,recital,informative,heart3,was,amazing,7403,192536,English,It was okay. ,To not hurt peoples feelings,Thanks
6,cake,informative,heart0,was,terrible,8493,201034,English,It was okay. ,To not hurt peoples feelings,Thanks
7,dance,informative,heart2,was,good,22354,223393,English,It was okay. ,To not hurt peoples feelings,Thanks
8,song,both,heart3,was,amazing,6604,230002,English,It was okay. ,To not hurt peoples feelings,Thanks
9,presentation,both,heart0,wasn't,good,5859,235864,English,It was okay. ,To not hurt peoples feelings,Thanks
10,review,both,heart2,was,good,5347,241215,English,It was okay. ,To not hurt peoples feelings,Thanks
11,solo,both,heart1,wasn't,bad,5420,246640,English,It was okay. ,To not hurt peoples feelings,Thanks
12,painting,social,heart0,was,terrible,5724,252370,English,It was okay. ,To not hurt peoples feelings,Thanks