trial,item,goal,true_state,positivity,utterance,rt,time_elapsed,language,expt_aim,goal_thoughts,expt_general
1,painting,both,heart2,was,good,28094,66617,English,Language communication,No,No
2,movie,informative,heart1,wasn't,amazing,22167,88800,English,Language communication,No,No
3,song,social,heart3,was,amazing,13236,102038,English,Language communication,No,No
4,solo,social,heart2,was,good,24348,126389,English,Language communication,No,No
5,monologue,both,heart3,was,good,10017,136409,English,Language communication,No,No
6,recital,both,heart0,wasn't,amazing,9210,145622,English,Language communication,No,No
7,review,social,heart1,was,good,13584,159208,English,Language communication,No,No
8,dance,informative,heart0,wasn't,amazing,10915,170127,English,Language communication,No,No
9,presentation,informative,heart2,wasn't,amazing,13571,183702,English,Language communication,No,No
10,cake,social,heart0,was,good,8324,192030,English,Language communication,No,No
11,app,informative,heart3,wasn't,amazing,7155,199188,English,Language communication,No,No
12,poem,both,heart1,was,good,6830,206021,English,Language communication,No,No