trial,item,goal,true_state,positivity,utterance,rt,time_elapsed,language,expt_aim,goal_thoughts,expt_general
1,presentation,informative,heart3,was,good,20708,40779,english,predicting what people will say,no,no
2,painting,informative,heart2,was,good,14749,55540,english,predicting what people will say,no,no
3,cake,social,heart1,was,good,11254,66797,english,predicting what people will say,no,no
4,app,both,heart0,wasn't,amazing,18797,85599,english,predicting what people will say,no,no
5,solo,both,heart1,wasn't,amazing,10707,96309,english,predicting what people will say,no,no
6,movie,social,heart3,was,good,8045,104357,english,predicting what people will say,no,no
7,song,social,heart2,wasn't,bad,16976,121337,english,predicting what people will say,no,no
8,monologue,social,heart0,wasn't,amazing,11390,132729,english,predicting what people will say,no,no
9,recital,informative,heart1,wasn't,terrible,10279,143010,english,predicting what people will say,no,no
10,dance,both,heart3,was,amazing,9813,152824,english,predicting what people will say,no,no
11,review,both,heart2,was,good,6148,158974,english,predicting what people will say,no,no
12,poem,informative,heart0,was,terrible,9779,168755,english,predicting what people will say,no,no