trial,item,goal,true_state,positivity,utterance,rt,time_elapsed,language,expt_aim,goal_thoughts,expt_general
1,app,social,heart1,was,good,12851,22653,English,Balancing politeness with giving accurate feedback.,I assume they did, but I am not sure what.,
2,dance,both,heart3,was,amazing,9754,32414,English,Balancing politeness with giving accurate feedback.,I assume they did, but I am not sure what.,
3,solo,informative,heart2,wasn't,bad,74904,107320,English,Balancing politeness with giving accurate feedback.,I assume they did, but I am not sure what.,
4,painting,informative,heart0,was,terrible,9759,117080,English,Balancing politeness with giving accurate feedback.,I assume they did, but I am not sure what.,
5,movie,informative,heart1,wasn't,bad,9049,126130,English,Balancing politeness with giving accurate feedback.,I assume they did, but I am not sure what.,
6,recital,social,heart3,was,amazing,7953,134085,English,Balancing politeness with giving accurate feedback.,I assume they did, but I am not sure what.,
7,cake,both,heart2,was,good,9634,143720,English,Balancing politeness with giving accurate feedback.,I assume they did, but I am not sure what.,
8,song,both,heart1,was,good,11065,154787,English,Balancing politeness with giving accurate feedback.,I assume they did, but I am not sure what.,
9,review,both,heart0,wasn't,terrible,8332,163120,English,Balancing politeness with giving accurate feedback.,I assume they did, but I am not sure what.,
10,presentation,social,heart2,was,amazing,5866,168987,English,Balancing politeness with giving accurate feedback.,I assume they did, but I am not sure what.,
11,poem,informative,heart3,was,amazing,114800,283788,English,Balancing politeness with giving accurate feedback.,I assume they did, but I am not sure what.,
12,monologue,social,heart0,wasn't,bad,9702,293491,English,Balancing politeness with giving accurate feedback.,I assume they did, but I am not sure what.,