trial,item,goal,true_state,positivity,utterance,rt,time_elapsed,language,expt_aim,goal_thoughts,expt_general
1,solo,both,heart1,wasn't,bad,18597,27892,English,How people express themselves.,Just to see how expressive people are these days.,It was fun, thanks!
2,presentation,both,heart2,was,good,22475,50377,English,How people express themselves.,Just to see how expressive people are these days.,It was fun, thanks!
3,app,informative,heart1,wasn't,amazing,19748,70127,English,How people express themselves.,Just to see how expressive people are these days.,It was fun, thanks!
4,recital,both,heart0,wasn't,bad,13732,83860,English,How people express themselves.,Just to see how expressive people are these days.,It was fun, thanks!
5,song,informative,heart3,was,amazing,5601,89463,English,How people express themselves.,Just to see how expressive people are these days.,It was fun, thanks!
6,cake,social,heart1,was,good,22458,111923,English,How people express themselves.,Just to see how expressive people are these days.,It was fun, thanks!
7,dance,informative,heart2,was,good,11773,123698,English,How people express themselves.,Just to see how expressive people are these days.,It was fun, thanks!
8,poem,informative,heart0,wasn't,amazing,7127,130826,English,How people express themselves.,Just to see how expressive people are these days.,It was fun, thanks!
9,monologue,both,heart3,was,amazing,4398,135226,English,How people express themselves.,Just to see how expressive people are these days.,It was fun, thanks!
10,painting,social,heart2,was,amazing,9209,144436,English,How people express themselves.,Just to see how expressive people are these days.,It was fun, thanks!
11,review,social,heart0,wasn't,bad,7583,152021,English,How people express themselves.,Just to see how expressive people are these days.,It was fun, thanks!
12,movie,social,heart3,was,amazing,16666,168688,English,How people express themselves.,Just to see how expressive people are these days.,It was fun, thanks!