trial,item,goal,true_state,positivity,utterance,rt,time_elapsed,language,expt_aim,goal_thoughts,expt_general
1,song,both,heart0,was,bad,41198,82804,English,Emotions,none,Good work!
2,monologue,informative,heart1,wasn't,bad,37240,120059,English,Emotions,none,Good work!
3,presentation,informative,heart2,was,good,21389,141451,English,Emotions,none,Good work!
4,cake,informative,heart3,was,amazing,15909,157363,English,Emotions,none,Good work!
5,recital,social,heart0,wasn't,terrible,15677,173043,English,Emotions,none,Good work!
6,solo,social,heart1,was,good,15102,188147,English,Emotions,none,Good work!
7,dance,social,heart2,was,amazing,9885,198035,English,Emotions,none,Good work!
8,painting,informative,heart0,was,bad,18060,216098,English,Emotions,none,Good work!
9,app,both,heart3,was,amazing,9541,225642,English,Emotions,none,Good work!
10,review,both,heart2,was,good,9430,235074,English,Emotions,none,Good work!
11,poem,social,heart3,was,amazing,10758,245834,English,Emotions,none,Good work!
12,movie,both,heart1,wasn't,bad,10558,256394,English,Emotions,none,Good work!