trial,item,goal,true_state,positivity,utterance,rt,time_elapsed,language,expt_aim,goal_thoughts,expt_general
1,monologue,social,heart1,was,amazing,15560,33388,English,Perception of language ,Not sure,N/A
2,review,social,heart3,was,amazing,17886,51279,English,Perception of language ,Not sure,N/A
3,dance,social,heart2,was,good,12039,63322,English,Perception of language ,Not sure,N/A
4,poem,both,heart0,was,amazing,8726,72051,English,Perception of language ,Not sure,N/A
5,app,informative,heart2,was,good,12513,84568,English,Perception of language ,Not sure,N/A
6,cake,both,heart1,was,amazing,7008,91579,English,Perception of language ,Not sure,N/A
7,solo,informative,heart0,was,good,8889,100470,English,Perception of language ,Not sure,N/A
8,presentation,informative,heart3,was,good,7782,108256,English,Perception of language ,Not sure,N/A
9,painting,informative,heart1,was,good,8882,117141,English,Perception of language ,Not sure,N/A
10,song,social,heart0,was,amazing,6247,123391,English,Perception of language ,Not sure,N/A
11,movie,both,heart2,was,amazing,7118,130512,English,Perception of language ,Not sure,N/A
12,recital,both,heart3,was,amazing,5703,136218,English,Perception of language ,Not sure,N/A