trial,item,goal,true_state,positivity,utterance,rt,time_elapsed,language,expt_aim,goal_thoughts,expt_general
1,cake,social,heart1,was,good,43541,88775,English,Testing people honesty in social situations,No,No
2,movie,both,heart3,was,amazing,13728,102511,English,Testing people honesty in social situations,No,No
3,recital,social,heart2,was,amazing,21238,123753,English,Testing people honesty in social situations,No,No
4,solo,informative,heart0,wasn't,bad,13627,137384,English,Testing people honesty in social situations,No,No
5,painting,informative,heart2,wasn't,terrible,33836,171223,English,Testing people honesty in social situations,No,No
6,monologue,social,heart3,was,good,20618,191843,English,Testing people honesty in social situations,No,No
7,review,both,heart2,was,good,15762,207607,English,Testing people honesty in social situations,No,No
8,dance,informative,heart3,wasn't,bad,16158,223768,English,Testing people honesty in social situations,No,No
9,poem,both,heart1,wasn't,bad,16459,240228,English,Testing people honesty in social situations,No,No
10,song,social,heart0,was,good,15277,255509,English,Testing people honesty in social situations,No,No
11,presentation,informative,heart1,was,bad,17306,272818,English,Testing people honesty in social situations,No,No
12,app,both,heart0,wasn't,terrible,23529,296349,English,Testing people honesty in social situations,No,No