trial,item,goal,true_state,positivity,utterance,rt,time_elapsed,language,expt_aim,goal_thoughts,expt_general
1,song,both,heart2,was,good,20816,54293,english,peoples ability to provide feedback,to provide constructive feedback,no thanks
2,dance,both,heart0,was,bad,19928,74230,english,peoples ability to provide feedback,to provide constructive feedback,no thanks
3,review,both,heart3,was,amazing,16227,90461,english,peoples ability to provide feedback,to provide constructive feedback,no thanks
4,movie,informative,heart1,wasn't,good,14560,105025,english,peoples ability to provide feedback,to provide constructive feedback,no thanks
5,monologue,informative,heart2,was,good,11163,116193,english,peoples ability to provide feedback,to provide constructive feedback,no thanks
6,painting,social,heart1,was,good,17696,133893,english,peoples ability to provide feedback,to provide constructive feedback,no thanks
7,solo,social,heart0,wasn't,bad,19834,153731,english,peoples ability to provide feedback,to provide constructive feedback,no thanks
8,presentation,informative,heart3,wasn't,bad,18492,172227,english,peoples ability to provide feedback,to provide constructive feedback,no thanks
9,cake,informative,heart0,wasn't,good,21153,193384,english,peoples ability to provide feedback,to provide constructive feedback,no thanks
10,poem,social,heart3,was,amazing,26256,219643,english,peoples ability to provide feedback,to provide constructive feedback,no thanks
11,app,social,heart2,was,amazing,9327,228973,english,peoples ability to provide feedback,to provide constructive feedback,no thanks
12,recital,both,heart1,was,good,12100,241076,english,peoples ability to provide feedback,to provide constructive feedback,no thanks