trial,item,goal,true_state,positivity,utterance,rt,time_elapsed,language,expt_aim,goal_thoughts,expt_general
1,poem,informative,heart0,wasn't,amazing,43287,217534,English,To see how we interpreted different phrasings based on context.,No, I don't think so.,No other comments.
2,cake,both,heart2,was,good,13853,231389,English,To see how we interpreted different phrasings based on context.,No, I don't think so.,No other comments.
3,song,informative,heart3,was,amazing,8405,239796,English,To see how we interpreted different phrasings based on context.,No, I don't think so.,No other comments.
4,presentation,social,heart2,was,amazing,17671,257468,English,To see how we interpreted different phrasings based on context.,No, I don't think so.,No other comments.
5,monologue,social,heart3,was,amazing,11329,268797,English,To see how we interpreted different phrasings based on context.,No, I don't think so.,No other comments.
6,solo,social,heart1,wasn't,bad,32696,301493,English,To see how we interpreted different phrasings based on context.,No, I don't think so.,No other comments.
7,dance,both,heart3,was,amazing,7234,308730,English,To see how we interpreted different phrasings based on context.,No, I don't think so.,No other comments.
8,movie,informative,heart1,was,bad,10065,318795,English,To see how we interpreted different phrasings based on context.,No, I don't think so.,No other comments.
9,app,both,heart0,wasn't,amazing,9364,328160,English,To see how we interpreted different phrasings based on context.,No, I don't think so.,No other comments.
10,recital,informative,heart2,wasn't,bad,16911,345073,English,To see how we interpreted different phrasings based on context.,No, I don't think so.,No other comments.
11,review,social,heart0,wasn't,amazing,16955,362028,English,To see how we interpreted different phrasings based on context.,No, I don't think so.,No other comments.
12,painting,both,heart1,wasn't,terrible,9471,371501,English,To see how we interpreted different phrasings based on context.,No, I don't think so.,No other comments.