trial,item,goal,true_state,positivity,utterance,rt,time_elapsed,language,expt_aim,goal_thoughts,expt_general
1,app,social,heart2,wasn't,bad,72909,308029,english,,no,
2,solo,both,heart1,was,good,323543,631563,english,,no,
3,presentation,informative,heart2,wasn't,bad,11447,643012,english,,no,
4,song,both,heart3,was,amazing,18220,661233,english,,no,
5,dance,social,heart1,was,bad,8737,669972,english,,no,
6,movie,both,heart0,wasn't,good,15876,685849,english,,no,
7,recital,social,heart3,was,good,11236,697086,english,,no,
8,cake,both,heart2,was,good,8067,705155,english,,no,
9,painting,social,heart0,wasn't,terrible,7202,712359,english,,no,
10,monologue,informative,heart3,was,amazing,21287,733647,english,,no,
11,poem,informative,heart0,wasn't,terrible,4822,738470,english,,no,
12,review,informative,heart1,wasn't,bad,118691,857158,english,,no,