trial,item,goal,true_state,positivity,utterance,rt,time_elapsed,language,expt_aim,goal_thoughts,expt_general
1,solo,both,heart0,was,amazing,36769,66079,English,How people relay messages based on desired outcome. ,How people speak in situations.,It was interesting thanks 
2,cake,social,heart2,wasn't,bad,55804,121888,English,How people relay messages based on desired outcome. ,How people speak in situations.,It was interesting thanks 
3,monologue,informative,heart1,wasn't,bad,41608,163499,English,How people relay messages based on desired outcome. ,How people speak in situations.,It was interesting thanks 
4,app,social,heart3,was,good,21136,184637,English,How people relay messages based on desired outcome. ,How people speak in situations.,It was interesting thanks 
5,painting,both,heart2,was,amazing,12946,197586,English,How people relay messages based on desired outcome. ,How people speak in situations.,It was interesting thanks 
6,review,social,heart0,wasn't,bad,16715,214304,English,How people relay messages based on desired outcome. ,How people speak in situations.,It was interesting thanks 
7,recital,informative,heart3,wasn't,bad,16199,230506,English,How people relay messages based on desired outcome. ,How people speak in situations.,It was interesting thanks 
8,movie,informative,heart0,wasn't,bad,17639,248147,English,How people relay messages based on desired outcome. ,How people speak in situations.,It was interesting thanks 
9,poem,social,heart1,was,good,13100,261250,English,How people relay messages based on desired outcome. ,How people speak in situations.,It was interesting thanks 
10,presentation,both,heart3,was,amazing,112586,373840,English,How people relay messages based on desired outcome. ,How people speak in situations.,It was interesting thanks 
11,song,both,heart1,was,amazing,23452,397294,English,How people relay messages based on desired outcome. ,How people speak in situations.,It was interesting thanks 
12,dance,informative,heart2,wasn't,terrible,12578,409875,English,How people relay messages based on desired outcome. ,How people speak in situations.,It was interesting thanks 