trial,item,goal,true_state,positivity,utterance,rt,time_elapsed,language,expt_aim,goal_thoughts,expt_general
1,solo,social,heart1,wasn't,bad,60879,227491,English,about people's actual opinion and how they end up presenting it.,not really,it was an eye opening to mostly how people should interact without hurting the other person's feeling.
2,app,both,heart2,was,good,37017,264525,English,about people's actual opinion and how they end up presenting it.,not really,it was an eye opening to mostly how people should interact without hurting the other person's feeling.
3,movie,informative,heart3,was,amazing,13030,277559,English,about people's actual opinion and how they end up presenting it.,not really,it was an eye opening to mostly how people should interact without hurting the other person's feeling.
4,poem,informative,heart2,was,good,54489,332050,English,about people's actual opinion and how they end up presenting it.,not really,it was an eye opening to mostly how people should interact without hurting the other person's feeling.
5,cake,social,heart3,was,amazing,14933,346986,English,about people's actual opinion and how they end up presenting it.,not really,it was an eye opening to mostly how people should interact without hurting the other person's feeling.
6,recital,both,heart0,wasn't,terrible,17328,364317,English,about people's actual opinion and how they end up presenting it.,not really,it was an eye opening to mostly how people should interact without hurting the other person's feeling.
7,presentation,social,heart2,was,good,10789,375108,English,about people's actual opinion and how they end up presenting it.,not really,it was an eye opening to mostly how people should interact without hurting the other person's feeling.
8,song,social,heart0,wasn't,terrible,6449,381560,English,about people's actual opinion and how they end up presenting it.,not really,it was an eye opening to mostly how people should interact without hurting the other person's feeling.
9,painting,informative,heart1,wasn't,bad,8896,390458,English,about people's actual opinion and how they end up presenting it.,not really,it was an eye opening to mostly how people should interact without hurting the other person's feeling.
10,review,informative,heart0,wasn't,terrible,5475,395936,English,about people's actual opinion and how they end up presenting it.,not really,it was an eye opening to mostly how people should interact without hurting the other person's feeling.
11,monologue,both,heart3,was,amazing,7208,403146,English,about people's actual opinion and how they end up presenting it.,not really,it was an eye opening to mostly how people should interact without hurting the other person's feeling.
12,dance,both,heart1,wasn't,bad,4744,407892,English,about people's actual opinion and how they end up presenting it.,not really,it was an eye opening to mostly how people should interact without hurting the other person's feeling.