trial,item,goal,true_state,positivity,utterance,rt,time_elapsed,language,expt_aim,goal_thoughts,expt_general
1,dance,both,heart1,was,good,84599,236588,English,The predominance about how you may want to make one feel vs actually giving accurate criticism ,It was also about managing one's relationship with the other person,none
2,poem,informative,heart3,was,amazing,15548,252138,English,The predominance about how you may want to make one feel vs actually giving accurate criticism ,It was also about managing one's relationship with the other person,none
3,movie,social,heart0,wasn't,bad,23752,275893,English,The predominance about how you may want to make one feel vs actually giving accurate criticism ,It was also about managing one's relationship with the other person,none
4,monologue,both,heart3,was,amazing,13628,289523,English,The predominance about how you may want to make one feel vs actually giving accurate criticism ,It was also about managing one's relationship with the other person,none
5,solo,both,heart0,wasn't,bad,48487,338013,English,The predominance about how you may want to make one feel vs actually giving accurate criticism ,It was also about managing one's relationship with the other person,none
6,cake,both,heart2,was,good,11347,349362,English,The predominance about how you may want to make one feel vs actually giving accurate criticism ,It was also about managing one's relationship with the other person,none
7,presentation,informative,heart1,wasn't,bad,12479,361841,English,The predominance about how you may want to make one feel vs actually giving accurate criticism ,It was also about managing one's relationship with the other person,none
8,song,informative,heart2,was,good,8825,370670,English,The predominance about how you may want to make one feel vs actually giving accurate criticism ,It was also about managing one's relationship with the other person,none
9,painting,social,heart3,was,good,23892,394563,English,The predominance about how you may want to make one feel vs actually giving accurate criticism ,It was also about managing one's relationship with the other person,none
10,app,informative,heart0,wasn't,good,24305,418872,English,The predominance about how you may want to make one feel vs actually giving accurate criticism ,It was also about managing one's relationship with the other person,none
11,review,social,heart2,was,good,23144,442020,English,The predominance about how you may want to make one feel vs actually giving accurate criticism ,It was also about managing one's relationship with the other person,none
12,recital,social,heart1,was,good,19211,461234,English,The predominance about how you may want to make one feel vs actually giving accurate criticism ,It was also about managing one's relationship with the other person,none