trial,item,goal,true_state,positivity,utterance,rt,time_elapsed,language,expt_aim,goal_thoughts,expt_general
1,song,informative,heart2,was,good,20533,32793,english,Different contexts for feedback through use of positive or negative adjectives.,I think they were trying to glean perceptions of positive or negative connotations of contextual word use.,
2,movie,both,heart0,was,bad,25543,58432,english,Different contexts for feedback through use of positive or negative adjectives.,I think they were trying to glean perceptions of positive or negative connotations of contextual word use.,
3,cake,both,heart2,was,good,62812,121254,english,Different contexts for feedback through use of positive or negative adjectives.,I think they were trying to glean perceptions of positive or negative connotations of contextual word use.,
4,solo,both,heart3,was,amazing,10910,132176,english,Different contexts for feedback through use of positive or negative adjectives.,I think they were trying to glean perceptions of positive or negative connotations of contextual word use.,
5,presentation,social,heart0,was,bad,12928,145118,english,Different contexts for feedback through use of positive or negative adjectives.,I think they were trying to glean perceptions of positive or negative connotations of contextual word use.,
6,dance,informative,heart1,wasn't,good,13687,158815,english,Different contexts for feedback through use of positive or negative adjectives.,I think they were trying to glean perceptions of positive or negative connotations of contextual word use.,
7,poem,social,heart3,was,amazing,6359,165185,english,Different contexts for feedback through use of positive or negative adjectives.,I think they were trying to glean perceptions of positive or negative connotations of contextual word use.,
8,monologue,social,heart2,was,good,11734,176931,english,Different contexts for feedback through use of positive or negative adjectives.,I think they were trying to glean perceptions of positive or negative connotations of contextual word use.,
9,painting,informative,heart0,was,terrible,7156,184096,english,Different contexts for feedback through use of positive or negative adjectives.,I think they were trying to glean perceptions of positive or negative connotations of contextual word use.,
10,app,social,heart1,was,bad,7307,191415,english,Different contexts for feedback through use of positive or negative adjectives.,I think they were trying to glean perceptions of positive or negative connotations of contextual word use.,
11,review,informative,heart3,wasn't,bad,16664,208092,english,Different contexts for feedback through use of positive or negative adjectives.,I think they were trying to glean perceptions of positive or negative connotations of contextual word use.,
12,recital,both,heart1,wasn't,terrible,12293,220398,english,Different contexts for feedback through use of positive or negative adjectives.,I think they were trying to glean perceptions of positive or negative connotations of contextual word use.,