trial,item,goal,true_state,positivity,utterance,rt,time_elapsed,language,expt_aim,goal_thoughts,expt_general
1,review,informative,heart0,wasn't,bad,68366,133195,English,How feedbck can change depending on your feelings towards someone,I'm not sure,
2,painting,both,heart3,was,amazing,29203,162405,English,How feedbck can change depending on your feelings towards someone,I'm not sure,
3,app,social,heart0,was,good,15989,178397,English,How feedbck can change depending on your feelings towards someone,I'm not sure,
4,solo,informative,heart2,was,good,35941,214339,English,How feedbck can change depending on your feelings towards someone,I'm not sure,
5,movie,informative,heart3,was,amazing,228045,442387,English,How feedbck can change depending on your feelings towards someone,I'm not sure,
6,monologue,informative,heart1,wasn't,terrible,8665,451052,English,How feedbck can change depending on your feelings towards someone,I'm not sure,
7,dance,both,heart0,wasn't,bad,22064,473117,English,How feedbck can change depending on your feelings towards someone,I'm not sure,
8,recital,both,heart1,was,good,8004,481124,English,How feedbck can change depending on your feelings towards someone,I'm not sure,
9,poem,social,heart2,was,amazing,10351,491477,English,How feedbck can change depending on your feelings towards someone,I'm not sure,
10,song,social,heart3,was,amazing,11748,503227,English,How feedbck can change depending on your feelings towards someone,I'm not sure,
11,presentation,social,heart1,was,good,9732,512960,English,How feedbck can change depending on your feelings towards someone,I'm not sure,
12,cake,both,heart2,was,amazing,7330,520292,English,How feedbck can change depending on your feelings towards someone,I'm not sure,