trial,item,goal,true_state,positivity,utterance,rt,time_elapsed,language,expt_aim,goal_thoughts,expt_general
1,presentation,social,heart0,was,good,33159,56001,English,I don't know.,no,none, thanks
2,dance,informative,heart2,was,good,14842,70849,English,I don't know.,no,none, thanks
3,movie,both,heart1,wasn't,terrible,62592,133442,English,I don't know.,no,none, thanks
4,cake,both,heart2,was,good,12373,145817,English,I don't know.,no,none, thanks
5,solo,informative,heart3,was,good,18502,164320,English,I don't know.,no,none, thanks
6,monologue,social,heart2,was,amazing,36188,200510,English,I don't know.,no,none, thanks
7,song,informative,heart1,was,bad,10555,211066,English,I don't know.,no,none, thanks
8,poem,both,heart0,wasn't,amazing,23951,235018,English,I don't know.,no,none, thanks
9,app,both,heart3,was,amazing,10584,245603,English,I don't know.,no,none, thanks
10,recital,social,heart1,was,amazing,9416,255020,English,I don't know.,no,none, thanks
11,review,social,heart3,was,good,14852,269873,English,I don't know.,no,none, thanks
12,painting,informative,heart0,was,terrible,7979,277853,English,I don't know.,no,none, thanks