trial,item,goal,true_state,positivity,utterance,rt,time_elapsed,language,expt_aim,goal_thoughts,expt_general
1,presentation,both,heart2,was,good,29595,136075,English - yes it was,I believe it was about how people act and not necessary how people actually feel. More times than not, we try to be kind then being honest and I truly feel like that is worse then giving constructive criticism ,to determine how people would respond/react to saying how they truly felt versus how they want to make people feel,I HIGHLY enjoyed this experiment. I love hypothetical scenarios, specially ones that involve emotion based responses.
2,cake,informative,heart0,wasn't,good,25904,161986,English - yes it was,I believe it was about how people act and not necessary how people actually feel. More times than not, we try to be kind then being honest and I truly feel like that is worse then giving constructive criticism ,to determine how people would respond/react to saying how they truly felt versus how they want to make people feel,I HIGHLY enjoyed this experiment. I love hypothetical scenarios, specially ones that involve emotion based responses.
3,monologue,informative,heart3,was,good,26855,188842,English - yes it was,I believe it was about how people act and not necessary how people actually feel. More times than not, we try to be kind then being honest and I truly feel like that is worse then giving constructive criticism ,to determine how people would respond/react to saying how they truly felt versus how they want to make people feel,I HIGHLY enjoyed this experiment. I love hypothetical scenarios, specially ones that involve emotion based responses.
4,app,social,heart0,was,amazing,17064,205908,English - yes it was,I believe it was about how people act and not necessary how people actually feel. More times than not, we try to be kind then being honest and I truly feel like that is worse then giving constructive criticism ,to determine how people would respond/react to saying how they truly felt versus how they want to make people feel,I HIGHLY enjoyed this experiment. I love hypothetical scenarios, specially ones that involve emotion based responses.
5,song,both,heart1,wasn't,bad,25255,231164,English - yes it was,I believe it was about how people act and not necessary how people actually feel. More times than not, we try to be kind then being honest and I truly feel like that is worse then giving constructive criticism ,to determine how people would respond/react to saying how they truly felt versus how they want to make people feel,I HIGHLY enjoyed this experiment. I love hypothetical scenarios, specially ones that involve emotion based responses.
6,movie,social,heart3,was,amazing,11214,242380,English - yes it was,I believe it was about how people act and not necessary how people actually feel. More times than not, we try to be kind then being honest and I truly feel like that is worse then giving constructive criticism ,to determine how people would respond/react to saying how they truly felt versus how they want to make people feel,I HIGHLY enjoyed this experiment. I love hypothetical scenarios, specially ones that involve emotion based responses.
7,review,informative,heart2,wasn't,bad,28491,270872,English - yes it was,I believe it was about how people act and not necessary how people actually feel. More times than not, we try to be kind then being honest and I truly feel like that is worse then giving constructive criticism ,to determine how people would respond/react to saying how they truly felt versus how they want to make people feel,I HIGHLY enjoyed this experiment. I love hypothetical scenarios, specially ones that involve emotion based responses.
8,painting,both,heart3,was,amazing,10421,281294,English - yes it was,I believe it was about how people act and not necessary how people actually feel. More times than not, we try to be kind then being honest and I truly feel like that is worse then giving constructive criticism ,to determine how people would respond/react to saying how they truly felt versus how they want to make people feel,I HIGHLY enjoyed this experiment. I love hypothetical scenarios, specially ones that involve emotion based responses.
9,dance,social,heart1,was,good,17115,298410,English - yes it was,I believe it was about how people act and not necessary how people actually feel. More times than not, we try to be kind then being honest and I truly feel like that is worse then giving constructive criticism ,to determine how people would respond/react to saying how they truly felt versus how they want to make people feel,I HIGHLY enjoyed this experiment. I love hypothetical scenarios, specially ones that involve emotion based responses.
10,solo,social,heart2,was,amazing,12023,310434,English - yes it was,I believe it was about how people act and not necessary how people actually feel. More times than not, we try to be kind then being honest and I truly feel like that is worse then giving constructive criticism ,to determine how people would respond/react to saying how they truly felt versus how they want to make people feel,I HIGHLY enjoyed this experiment. I love hypothetical scenarios, specially ones that involve emotion based responses.
11,poem,both,heart0,wasn't,bad,11276,321712,English - yes it was,I believe it was about how people act and not necessary how people actually feel. More times than not, we try to be kind then being honest and I truly feel like that is worse then giving constructive criticism ,to determine how people would respond/react to saying how they truly felt versus how they want to make people feel,I HIGHLY enjoyed this experiment. I love hypothetical scenarios, specially ones that involve emotion based responses.
12,recital,informative,heart1,was,bad,12669,334381,English - yes it was,I believe it was about how people act and not necessary how people actually feel. More times than not, we try to be kind then being honest and I truly feel like that is worse then giving constructive criticism ,to determine how people would respond/react to saying how they truly felt versus how they want to make people feel,I HIGHLY enjoyed this experiment. I love hypothetical scenarios, specially ones that involve emotion based responses.