trial,item,goal,true_state,positivity,utterance,rt,time_elapsed,language,expt_aim,goal_thoughts,expt_general
1,poem,both,heart1,was,good,18807,25779,English,Not sure,Not sure,no
2,dance,both,heart2,was,good,16583,42368,English,Not sure,Not sure,no
3,review,informative,heart3,was,amazing,13254,55626,English,Not sure,Not sure,no
4,cake,social,heart1,was,good,21991,77621,English,Not sure,Not sure,no
5,presentation,social,heart3,was,amazing,12587,90212,English,Not sure,Not sure,no
6,movie,social,heart2,was,good,11614,101829,English,Not sure,Not sure,no
7,solo,informative,heart0,was,terrible,13033,114864,English,Not sure,Not sure,no
8,song,both,heart3,was,amazing,7490,122356,English,Not sure,Not sure,no
9,monologue,informative,heart2,was,good,11378,133738,English,Not sure,Not sure,no
10,painting,both,heart0,wasn't,terrible,11877,145618,English,Not sure,Not sure,no
11,app,informative,heart1,wasn't,bad,7675,153297,English,Not sure,Not sure,no
12,recital,social,heart0,was,good,8838,162139,English,Not sure,Not sure,no