trial,item,goal,true_state,positivity,utterance,rt,time_elapsed,language,expt_aim,goal_thoughts,expt_general
1,poem,informative,heart0,wasn't,terrible,63765,128425,english,Test of English language knowledge,be polite,no
2,solo,social,heart1,was,amazing,59575,188018,english,Test of English language knowledge,be polite,no
3,cake,both,heart3,was,amazing,28789,216812,english,Test of English language knowledge,be polite,no
4,presentation,both,heart0,wasn't,bad,44558,261371,english,Test of English language knowledge,be polite,no
5,app,social,heart3,was,good,57049,318420,english,Test of English language knowledge,be polite,no
6,song,social,heart0,was,good,89991,408410,english,Test of English language knowledge,be polite,no
7,movie,informative,heart1,was,bad,38873,447283,english,Test of English language knowledge,be polite,no
8,dance,both,heart2,was,good,42429,489717,english,Test of English language knowledge,be polite,no
9,monologue,informative,heart3,wasn't,terrible,110108,599818,english,Test of English language knowledge,be polite,no
10,painting,informative,heart2,wasn't,bad,24858,624680,english,Test of English language knowledge,be polite,no
11,recital,both,heart1,wasn't,terrible,117402,742078,english,Test of English language knowledge,be polite,no
12,review,social,heart2,was,amazing,39998,782077,english,Test of English language knowledge,be polite,no