trial,item,goal,true_state,positivity,utterance,rt,time_elapsed,language,expt_aim,goal_thoughts,expt_general
1,monologue,social,heart1,wasn't,bad,90956,180746,English,Testing different kinds of replies,No,
2,song,both,heart3,was,amazing,27101,207864,English,Testing different kinds of replies,No,
3,presentation,both,heart2,was,good,20784,228653,English,Testing different kinds of replies,No,
4,dance,informative,heart0,was,terrible,26415,255072,English,Testing different kinds of replies,No,
5,app,both,heart1,wasn't,terrible,20513,275589,English,Testing different kinds of replies,No,
6,solo,informative,heart2,was,good,15684,291277,English,Testing different kinds of replies,No,
7,movie,informative,heart3,wasn't,terrible,87198,378479,English,Testing different kinds of replies,No,
8,cake,informative,heart1,wasn't,good,19230,397714,English,Testing different kinds of replies,No,
9,recital,social,heart0,wasn't,good,33179,430896,English,Testing different kinds of replies,No,
10,painting,social,heart3,wasn't,bad,23889,454789,English,Testing different kinds of replies,No,
11,review,both,heart0,wasn't,good,26524,481318,English,Testing different kinds of replies,No,
12,poem,social,heart2,was,good,13553,494874,English,Testing different kinds of replies,No,