trial,item,goal,true_state,positivity,utterance,rt,time_elapsed,language,expt_aim,goal_thoughts,expt_general
1,app,both,heart1,wasn't,bad,157117,384216,English,The experiment studies how people express their true opinions in social situations and how others predict what someone will say based on those opinions. It focuses on social communication, opinion-sharing, and understanding how internal beliefs influence outward expression.,Participants likely had goals like avoiding conflict, fitting in, or protecting relationships, beyond just being nice, mean, or honest, Overall, the experiment was a creative way to study how people express opinions in social situations.
2,song,informative,heart0,was,bad,68442,452672,English,The experiment studies how people express their true opinions in social situations and how others predict what someone will say based on those opinions. It focuses on social communication, opinion-sharing, and understanding how internal beliefs influence outward expression.,Participants likely had goals like avoiding conflict, fitting in, or protecting relationships, beyond just being nice, mean, or honest, Overall, the experiment was a creative way to study how people express opinions in social situations.
3,poem,social,heart2,was,good,47199,499874,English,The experiment studies how people express their true opinions in social situations and how others predict what someone will say based on those opinions. It focuses on social communication, opinion-sharing, and understanding how internal beliefs influence outward expression.,Participants likely had goals like avoiding conflict, fitting in, or protecting relationships, beyond just being nice, mean, or honest, Overall, the experiment was a creative way to study how people express opinions in social situations.
4,dance,social,heart3,was,amazing,26936,526812,English,The experiment studies how people express their true opinions in social situations and how others predict what someone will say based on those opinions. It focuses on social communication, opinion-sharing, and understanding how internal beliefs influence outward expression.,Participants likely had goals like avoiding conflict, fitting in, or protecting relationships, beyond just being nice, mean, or honest, Overall, the experiment was a creative way to study how people express opinions in social situations.
5,painting,both,heart0,wasn't,bad,41504,568318,English,The experiment studies how people express their true opinions in social situations and how others predict what someone will say based on those opinions. It focuses on social communication, opinion-sharing, and understanding how internal beliefs influence outward expression.,Participants likely had goals like avoiding conflict, fitting in, or protecting relationships, beyond just being nice, mean, or honest, Overall, the experiment was a creative way to study how people express opinions in social situations.
6,solo,both,heart2,was,good,18467,586788,English,The experiment studies how people express their true opinions in social situations and how others predict what someone will say based on those opinions. It focuses on social communication, opinion-sharing, and understanding how internal beliefs influence outward expression.,Participants likely had goals like avoiding conflict, fitting in, or protecting relationships, beyond just being nice, mean, or honest, Overall, the experiment was a creative way to study how people express opinions in social situations.
7,cake,both,heart3,was,amazing,21703,608493,English,The experiment studies how people express their true opinions in social situations and how others predict what someone will say based on those opinions. It focuses on social communication, opinion-sharing, and understanding how internal beliefs influence outward expression.,Participants likely had goals like avoiding conflict, fitting in, or protecting relationships, beyond just being nice, mean, or honest, Overall, the experiment was a creative way to study how people express opinions in social situations.
8,movie,informative,heart2,was,good,17224,625719,English,The experiment studies how people express their true opinions in social situations and how others predict what someone will say based on those opinions. It focuses on social communication, opinion-sharing, and understanding how internal beliefs influence outward expression.,Participants likely had goals like avoiding conflict, fitting in, or protecting relationships, beyond just being nice, mean, or honest, Overall, the experiment was a creative way to study how people express opinions in social situations.
9,recital,social,heart1,wasn't,bad,16296,642017,English,The experiment studies how people express their true opinions in social situations and how others predict what someone will say based on those opinions. It focuses on social communication, opinion-sharing, and understanding how internal beliefs influence outward expression.,Participants likely had goals like avoiding conflict, fitting in, or protecting relationships, beyond just being nice, mean, or honest, Overall, the experiment was a creative way to study how people express opinions in social situations.
10,presentation,informative,heart3,was,good,13495,655515,English,The experiment studies how people express their true opinions in social situations and how others predict what someone will say based on those opinions. It focuses on social communication, opinion-sharing, and understanding how internal beliefs influence outward expression.,Participants likely had goals like avoiding conflict, fitting in, or protecting relationships, beyond just being nice, mean, or honest, Overall, the experiment was a creative way to study how people express opinions in social situations.
11,monologue,social,heart0,wasn't,bad,19687,675204,English,The experiment studies how people express their true opinions in social situations and how others predict what someone will say based on those opinions. It focuses on social communication, opinion-sharing, and understanding how internal beliefs influence outward expression.,Participants likely had goals like avoiding conflict, fitting in, or protecting relationships, beyond just being nice, mean, or honest, Overall, the experiment was a creative way to study how people express opinions in social situations.
12,review,informative,heart1,was,terrible,13391,688598,English,The experiment studies how people express their true opinions in social situations and how others predict what someone will say based on those opinions. It focuses on social communication, opinion-sharing, and understanding how internal beliefs influence outward expression.,Participants likely had goals like avoiding conflict, fitting in, or protecting relationships, beyond just being nice, mean, or honest, Overall, the experiment was a creative way to study how people express opinions in social situations.