trial,item,goal,true_state,positivity,utterance,rt,time_elapsed,language,expt_aim,goal_thoughts,expt_general
1,presentation,social,heart3,was,amazing,25262,45730,English,im not sure,no,
2,dance,social,heart1,wasn't,terrible,15801,61544,English,im not sure,no,
3,cake,both,heart3,was,amazing,13966,75513,English,im not sure,no,
4,painting,both,heart2,wasn't,bad,9045,84561,English,im not sure,no,
5,poem,both,heart0,wasn't,good,11748,96311,English,im not sure,no,
6,movie,informative,heart2,was,good,6421,102735,English,im not sure,no,
7,solo,social,heart0,was,good,8414,111151,English,im not sure,no,
8,review,social,heart2,was,amazing,9582,120736,English,im not sure,no,
9,app,both,heart1,wasn't,terrible,8254,128992,English,im not sure,no,
10,recital,informative,heart3,was,good,7692,136686,English,im not sure,no,
11,monologue,informative,heart1,wasn't,terrible,12462,149150,English,im not sure,no,
12,song,informative,heart0,was,terrible,7007,156159,English,im not sure,no,