trial,item,goal,true_state,positivity,utterance,rt,time_elapsed,language,expt_aim,goal_thoughts,expt_general
1,recital,both,heart0,wasn't,terrible,62016,105762,English,Understanding the degrees to which people express or shade the truth when asked. Ultimately I think it will be used as research for some LLM AI to express more human responses when asked questions.,I think a big part was in many cases was to express as much as the truth as possible without jeopardizing relationship.,
2,painting,social,heart3,was,good,42879,148653,English,Understanding the degrees to which people express or shade the truth when asked. Ultimately I think it will be used as research for some LLM AI to express more human responses when asked questions.,I think a big part was in many cases was to express as much as the truth as possible without jeopardizing relationship.,
3,poem,informative,heart1,was,bad,19785,168441,English,Understanding the degrees to which people express or shade the truth when asked. Ultimately I think it will be used as research for some LLM AI to express more human responses when asked questions.,I think a big part was in many cases was to express as much as the truth as possible without jeopardizing relationship.,
4,cake,informative,heart3,wasn't,bad,21809,190253,English,Understanding the degrees to which people express or shade the truth when asked. Ultimately I think it will be used as research for some LLM AI to express more human responses when asked questions.,I think a big part was in many cases was to express as much as the truth as possible without jeopardizing relationship.,
5,dance,both,heart2,was,good,20325,210581,English,Understanding the degrees to which people express or shade the truth when asked. Ultimately I think it will be used as research for some LLM AI to express more human responses when asked questions.,I think a big part was in many cases was to express as much as the truth as possible without jeopardizing relationship.,
6,review,both,heart3,was,amazing,16374,226957,English,Understanding the degrees to which people express or shade the truth when asked. Ultimately I think it will be used as research for some LLM AI to express more human responses when asked questions.,I think a big part was in many cases was to express as much as the truth as possible without jeopardizing relationship.,
7,presentation,social,heart2,wasn't,bad,43459,270419,English,Understanding the degrees to which people express or shade the truth when asked. Ultimately I think it will be used as research for some LLM AI to express more human responses when asked questions.,I think a big part was in many cases was to express as much as the truth as possible without jeopardizing relationship.,
8,solo,social,heart1,wasn't,terrible,22489,292911,English,Understanding the degrees to which people express or shade the truth when asked. Ultimately I think it will be used as research for some LLM AI to express more human responses when asked questions.,I think a big part was in many cases was to express as much as the truth as possible without jeopardizing relationship.,
9,app,informative,heart0,was,terrible,11148,304062,English,Understanding the degrees to which people express or shade the truth when asked. Ultimately I think it will be used as research for some LLM AI to express more human responses when asked questions.,I think a big part was in many cases was to express as much as the truth as possible without jeopardizing relationship.,
10,song,both,heart1,wasn't,terrible,41603,345670,English,Understanding the degrees to which people express or shade the truth when asked. Ultimately I think it will be used as research for some LLM AI to express more human responses when asked questions.,I think a big part was in many cases was to express as much as the truth as possible without jeopardizing relationship.,
11,monologue,social,heart0,wasn't,terrible,13887,359560,English,Understanding the degrees to which people express or shade the truth when asked. Ultimately I think it will be used as research for some LLM AI to express more human responses when asked questions.,I think a big part was in many cases was to express as much as the truth as possible without jeopardizing relationship.,
12,movie,informative,heart2,wasn't,bad,22808,382370,English,Understanding the degrees to which people express or shade the truth when asked. Ultimately I think it will be used as research for some LLM AI to express more human responses when asked questions.,I think a big part was in many cases was to express as much as the truth as possible without jeopardizing relationship.,