trial,item,goal,true_state,positivity,utterance,rt,time_elapsed,language,expt_aim,goal_thoughts,expt_general
1,song,both,heart2,was,good,114331,212642,english,the  experiment is about predicting what people will say to express their true opinions,no, they have no other goal in mind,no
2,dance,informative,heart0,wasn't,bad,53266,265915,english,the  experiment is about predicting what people will say to express their true opinions,no, they have no other goal in mind,no
3,recital,both,heart1,was,good,26875,292792,english,the  experiment is about predicting what people will say to express their true opinions,no, they have no other goal in mind,no
4,poem,informative,heart3,was,amazing,14425,307219,english,the  experiment is about predicting what people will say to express their true opinions,no, they have no other goal in mind,no
5,monologue,social,heart1,was,good,28235,335455,english,the  experiment is about predicting what people will say to express their true opinions,no, they have no other goal in mind,no
6,painting,social,heart3,was,good,31921,367379,english,the  experiment is about predicting what people will say to express their true opinions,no, they have no other goal in mind,no
7,presentation,both,heart0,wasn't,bad,52837,420218,english,the  experiment is about predicting what people will say to express their true opinions,no, they have no other goal in mind,no
8,review,informative,heart2,was,good,16875,437094,english,the  experiment is about predicting what people will say to express their true opinions,no, they have no other goal in mind,no
9,cake,social,heart0,was,amazing,14491,451588,english,the  experiment is about predicting what people will say to express their true opinions,no, they have no other goal in mind,no
10,movie,informative,heart1,was,good,19395,470985,english,the  experiment is about predicting what people will say to express their true opinions,no, they have no other goal in mind,no
11,solo,social,heart2,was,amazing,12857,483844,english,the  experiment is about predicting what people will say to express their true opinions,no, they have no other goal in mind,no
12,app,both,heart3,was,amazing,10787,494633,english,the  experiment is about predicting what people will say to express their true opinions,no, they have no other goal in mind,no