trial,item,goal,true_state,positivity,utterance,rt,time_elapsed,language,expt_aim,goal_thoughts,expt_general
1,solo,social,heart3,was,good,55742,91243,English,About what people say.,Yes,no
2,dance,informative,heart2,wasn't,bad,32796,124067,English,About what people say.,Yes,no
3,recital,social,heart1,was,amazing,19940,144015,English,About what people say.,Yes,no
4,app,social,heart0,wasn't,good,66099,210119,English,About what people say.,Yes,no
5,monologue,both,heart2,was,good,21214,231339,English,About what people say.,Yes,no
6,review,informative,heart0,was,amazing,305984,537332,English,About what people say.,Yes,no
7,movie,both,heart3,was,amazing,13258,550596,English,About what people say.,Yes,no
8,poem,informative,heart1,wasn't,terrible,21255,571856,English,About what people say.,Yes,no
9,song,social,heart2,was,bad,47088,618951,English,About what people say.,Yes,no
10,presentation,informative,heart3,wasn't,bad,9089,628045,English,About what people say.,Yes,no
11,painting,both,heart1,was,good,12175,640225,English,About what people say.,Yes,no
12,cake,both,heart0,was,amazing,14892,655122,English,About what people say.,Yes,no