trial,item,goal,true_state,positivity,utterance,rt,time_elapsed,language,expt_aim,goal_thoughts,expt_general
1,review,social,heart1,was,good,27446,58104,English,Understanding social cues,To be informative,none
2,dance,social,heart0,was,good,20175,78286,English,Understanding social cues,To be informative,none
3,solo,informative,heart3,was,amazing,26845,105136,English,Understanding social cues,To be informative,none
4,recital,both,heart1,wasn't,bad,19095,124234,English,Understanding social cues,To be informative,none
5,cake,informative,heart2,wasn't,bad,15548,139785,English,Understanding social cues,To be informative,none
6,poem,both,heart3,was,amazing,10796,150584,English,Understanding social cues,To be informative,none
7,song,informative,heart1,wasn't,bad,12217,162803,English,Understanding social cues,To be informative,none
8,presentation,social,heart3,was,good,9727,172534,English,Understanding social cues,To be informative,none
9,movie,social,heart2,was,good,50598,223135,English,Understanding social cues,To be informative,none
10,monologue,informative,heart0,was,terrible,9046,232184,English,Understanding social cues,To be informative,none
11,painting,both,heart2,was,good,6214,238401,English,Understanding social cues,To be informative,none
12,app,both,heart0,wasn't,terrible,17514,255917,English,Understanding social cues,To be informative,none