trial,item,goal,true_state,positivity,utterance,rt,time_elapsed,language,expt_aim,goal_thoughts,expt_general
1,presentation,social,heart3,was,good,49793,170078,English,About trying to answer diplomatically and truthfully without being hurtful.,Some of the time the person giving their assessment was not altogether truthful and the people involved in, for example, a performance, mostly wanted to hear good reports.,I found some parts quite difficultto make a clear decision but I did my best and answered truthfully. 
2,cake,informative,heart1,wasn't,terrible,38779,208868,English,About trying to answer diplomatically and truthfully without being hurtful.,Some of the time the person giving their assessment was not altogether truthful and the people involved in, for example, a performance, mostly wanted to hear good reports.,I found some parts quite difficultto make a clear decision but I did my best and answered truthfully. 
3,solo,social,heart2,was,good,23576,232448,English,About trying to answer diplomatically and truthfully without being hurtful.,Some of the time the person giving their assessment was not altogether truthful and the people involved in, for example, a performance, mostly wanted to hear good reports.,I found some parts quite difficultto make a clear decision but I did my best and answered truthfully. 
4,song,informative,heart0,wasn't,terrible,26291,258743,English,About trying to answer diplomatically and truthfully without being hurtful.,Some of the time the person giving their assessment was not altogether truthful and the people involved in, for example, a performance, mostly wanted to hear good reports.,I found some parts quite difficultto make a clear decision but I did my best and answered truthfully. 
5,app,informative,heart2,wasn't,bad,28412,287158,English,About trying to answer diplomatically and truthfully without being hurtful.,Some of the time the person giving their assessment was not altogether truthful and the people involved in, for example, a performance, mostly wanted to hear good reports.,I found some parts quite difficultto make a clear decision but I did my best and answered truthfully. 
6,recital,both,heart1,was,good,37271,324432,English,About trying to answer diplomatically and truthfully without being hurtful.,Some of the time the person giving their assessment was not altogether truthful and the people involved in, for example, a performance, mostly wanted to hear good reports.,I found some parts quite difficultto make a clear decision but I did my best and answered truthfully. 
7,dance,both,heart0,wasn't,bad,20584,345020,English,About trying to answer diplomatically and truthfully without being hurtful.,Some of the time the person giving their assessment was not altogether truthful and the people involved in, for example, a performance, mostly wanted to hear good reports.,I found some parts quite difficultto make a clear decision but I did my best and answered truthfully. 
8,poem,both,heart3,was,amazing,17775,362798,English,About trying to answer diplomatically and truthfully without being hurtful.,Some of the time the person giving their assessment was not altogether truthful and the people involved in, for example, a performance, mostly wanted to hear good reports.,I found some parts quite difficultto make a clear decision but I did my best and answered truthfully. 
9,painting,social,heart0,wasn't,bad,26615,389416,English,About trying to answer diplomatically and truthfully without being hurtful.,Some of the time the person giving their assessment was not altogether truthful and the people involved in, for example, a performance, mostly wanted to hear good reports.,I found some parts quite difficultto make a clear decision but I did my best and answered truthfully. 
10,movie,social,heart1,was,good,42279,431698,English,About trying to answer diplomatically and truthfully without being hurtful.,Some of the time the person giving their assessment was not altogether truthful and the people involved in, for example, a performance, mostly wanted to hear good reports.,I found some parts quite difficultto make a clear decision but I did my best and answered truthfully. 
11,monologue,informative,heart3,was,good,35546,467248,English,About trying to answer diplomatically and truthfully without being hurtful.,Some of the time the person giving their assessment was not altogether truthful and the people involved in, for example, a performance, mostly wanted to hear good reports.,I found some parts quite difficultto make a clear decision but I did my best and answered truthfully. 
12,review,both,heart2,was,good,28185,495436,English,About trying to answer diplomatically and truthfully without being hurtful.,Some of the time the person giving their assessment was not altogether truthful and the people involved in, for example, a performance, mostly wanted to hear good reports.,I found some parts quite difficultto make a clear decision but I did my best and answered truthfully. 