trial,item,goal,true_state,positivity,utterance,rt,time_elapsed,language,expt_aim,goal_thoughts,expt_general
1,cake,social,heart1,was,good,86028,108580,English,Opinions on how wording your responses in a specific way can change the meaning ,Probably yes,N/A
2,poem,both,heart2,was,good,35975,144558,English,Opinions on how wording your responses in a specific way can change the meaning ,Probably yes,N/A
3,review,both,heart0,wasn't,terrible,46164,190723,English,Opinions on how wording your responses in a specific way can change the meaning ,Probably yes,N/A
4,monologue,both,heart1,wasn't,bad,30325,221050,English,Opinions on how wording your responses in a specific way can change the meaning ,Probably yes,N/A
5,app,social,heart2,was,good,32892,253945,English,Opinions on how wording your responses in a specific way can change the meaning ,Probably yes,N/A
6,song,informative,heart3,was,good,30442,284388,English,Opinions on how wording your responses in a specific way can change the meaning ,Probably yes,N/A
7,painting,social,heart0,was,good,39745,324135,English,Opinions on how wording your responses in a specific way can change the meaning ,Probably yes,N/A
8,recital,both,heart3,was,amazing,19055,343192,English,Opinions on how wording your responses in a specific way can change the meaning ,Probably yes,N/A
9,solo,informative,heart2,wasn't,bad,36577,379771,English,Opinions on how wording your responses in a specific way can change the meaning ,Probably yes,N/A
10,presentation,informative,heart1,wasn't,bad,45831,425603,English,Opinions on how wording your responses in a specific way can change the meaning ,Probably yes,N/A
11,movie,informative,heart0,was,bad,15120,440725,English,Opinions on how wording your responses in a specific way can change the meaning ,Probably yes,N/A
12,dance,social,heart3,was,good,30108,470835,English,Opinions on how wording your responses in a specific way can change the meaning ,Probably yes,N/A