trial,item,goal,true_state,positivity,utterance,rt,time_elapsed,language,expt_aim,goal_thoughts,expt_general
1,poem,social,heart3,was,good,78464,138918,english,predicting what people can say ,no,no
2,recital,social,heart0,was,amazing,31110,170039,english,predicting what people can say ,no,no
3,cake,social,heart1,was,amazing,32928,202970,english,predicting what people can say ,no,no
4,painting,both,heart0,was,good,23324,226298,english,predicting what people can say ,no,no
5,app,social,heart2,was,amazing,24749,251052,english,predicting what people can say ,no,no
6,movie,informative,heart1,was,amazing,21904,272958,english,predicting what people can say ,no,no
7,presentation,informative,heart2,was,amazing,30131,303092,english,predicting what people can say ,no,no
8,monologue,both,heart1,was,good,24896,327992,english,predicting what people can say ,no,no
9,solo,both,heart3,was,good,26329,354324,english,predicting what people can say ,no,no
10,review,both,heart2,was,good,20359,374686,english,predicting what people can say ,no,no
11,dance,informative,heart3,was,good,29467,404156,english,predicting what people can say ,no,no
12,song,informative,heart0,was,good,21730,425889,english,predicting what people can say ,no,no