trial,item,goal,true_state,positivity,utterance,rt,time_elapsed,language,expt_aim,goal_thoughts,expt_general
1,solo,informative,heart3,was,amazing,65448,136335,english,People's views on opinions.,Help others achieve their goals,n/a
2,cake,social,heart1,was,amazing,21732,158081,english,People's views on opinions.,Help others achieve their goals,n/a
3,monologue,social,heart3,was,good,39748,197837,english,People's views on opinions.,Help others achieve their goals,n/a
4,movie,both,heart0,was,amazing,14659,212501,english,People's views on opinions.,Help others achieve their goals,n/a
5,recital,both,heart2,was,amazing,11911,224420,english,People's views on opinions.,Help others achieve their goals,n/a
6,presentation,social,heart0,wasn't,bad,25143,249568,english,People's views on opinions.,Help others achieve their goals,n/a
7,painting,both,heart1,was,good,15740,265317,english,People's views on opinions.,Help others achieve their goals,n/a
8,poem,informative,heart2,wasn't,bad,22009,287336,english,People's views on opinions.,Help others achieve their goals,n/a
9,app,informative,heart0,wasn't,bad,10860,298205,english,People's views on opinions.,Help others achieve their goals,n/a
10,song,informative,heart1,wasn't,bad,19354,317567,english,People's views on opinions.,Help others achieve their goals,n/a
11,dance,social,heart2,wasn't,bad,17855,335428,english,People's views on opinions.,Help others achieve their goals,n/a
12,review,both,heart3,was,good,14697,350133,english,People's views on opinions.,Help others achieve their goals,n/a