trial,item,goal,true_state,positivity,utterance,rt,time_elapsed,language,expt_aim,goal_thoughts,expt_general
1,cake,informative,heart0,was,good,47508,250629,English,How people respond in social situations when they are to evaluate other's performance.,No,I felt that the experiment could have been better written.  The scenarios where the action was great and the respondent didn't necessarily want to make them feel good while being accurate, meant that the respondent could make them feel good or bad, so it was an ill defined question.
2,painting,both,heart1,wasn't,bad,43767,294450,English,How people respond in social situations when they are to evaluate other's performance.,No,I felt that the experiment could have been better written.  The scenarios where the action was great and the respondent didn't necessarily want to make them feel good while being accurate, meant that the respondent could make them feel good or bad, so it was an ill defined question.
3,recital,social,heart0,was,good,27406,321867,English,How people respond in social situations when they are to evaluate other's performance.,No,I felt that the experiment could have been better written.  The scenarios where the action was great and the respondent didn't necessarily want to make them feel good while being accurate, meant that the respondent could make them feel good or bad, so it was an ill defined question.
4,monologue,both,heart2,was,good,14562,336437,English,How people respond in social situations when they are to evaluate other's performance.,No,I felt that the experiment could have been better written.  The scenarios where the action was great and the respondent didn't necessarily want to make them feel good while being accurate, meant that the respondent could make them feel good or bad, so it was an ill defined question.
5,dance,both,heart3,was,amazing,12535,348978,English,How people respond in social situations when they are to evaluate other's performance.,No,I felt that the experiment could have been better written.  The scenarios where the action was great and the respondent didn't necessarily want to make them feel good while being accurate, meant that the respondent could make them feel good or bad, so it was an ill defined question.
6,solo,informative,heart2,wasn't,bad,15638,364620,English,How people respond in social situations when they are to evaluate other's performance.,No,I felt that the experiment could have been better written.  The scenarios where the action was great and the respondent didn't necessarily want to make them feel good while being accurate, meant that the respondent could make them feel good or bad, so it was an ill defined question.
7,app,social,heart3,was,amazing,19556,384184,English,How people respond in social situations when they are to evaluate other's performance.,No,I felt that the experiment could have been better written.  The scenarios where the action was great and the respondent didn't necessarily want to make them feel good while being accurate, meant that the respondent could make them feel good or bad, so it was an ill defined question.
8,presentation,social,heart1,wasn't,bad,11161,395353,English,How people respond in social situations when they are to evaluate other's performance.,No,I felt that the experiment could have been better written.  The scenarios where the action was great and the respondent didn't necessarily want to make them feel good while being accurate, meant that the respondent could make them feel good or bad, so it was an ill defined question.
9,review,social,heart2,was,amazing,9147,404507,English,How people respond in social situations when they are to evaluate other's performance.,No,I felt that the experiment could have been better written.  The scenarios where the action was great and the respondent didn't necessarily want to make them feel good while being accurate, meant that the respondent could make them feel good or bad, so it was an ill defined question.
10,poem,informative,heart1,wasn't,bad,15295,419808,English,How people respond in social situations when they are to evaluate other's performance.,No,I felt that the experiment could have been better written.  The scenarios where the action was great and the respondent didn't necessarily want to make them feel good while being accurate, meant that the respondent could make them feel good or bad, so it was an ill defined question.
11,movie,informative,heart3,was,amazing,10869,430681,English,How people respond in social situations when they are to evaluate other's performance.,No,I felt that the experiment could have been better written.  The scenarios where the action was great and the respondent didn't necessarily want to make them feel good while being accurate, meant that the respondent could make them feel good or bad, so it was an ill defined question.
12,song,both,heart0,wasn't,terrible,14752,445441,English,How people respond in social situations when they are to evaluate other's performance.,No,I felt that the experiment could have been better written.  The scenarios where the action was great and the respondent didn't necessarily want to make them feel good while being accurate, meant that the respondent could make them feel good or bad, so it was an ill defined question.