trial,item,goal,true_state,positivity,utterance,rt,time_elapsed,language,expt_aim,goal_thoughts,expt_general
1,presentation,informative,heart2,was,good,49527,177033,English,I think the experiment was about how participants may predict the conversation between two people given background information and comparing the results with how the person who was actually in the conversation how they felt.,Not sure.,Thank you for the experiment!
2,solo,both,heart1,wasn't,bad,66231,243273,English,I think the experiment was about how participants may predict the conversation between two people given background information and comparing the results with how the person who was actually in the conversation how they felt.,Not sure.,Thank you for the experiment!
3,painting,social,heart0,was,good,47719,290994,English,I think the experiment was about how participants may predict the conversation between two people given background information and comparing the results with how the person who was actually in the conversation how they felt.,Not sure.,Thank you for the experiment!
4,dance,social,heart1,was,amazing,43693,334689,English,I think the experiment was about how participants may predict the conversation between two people given background information and comparing the results with how the person who was actually in the conversation how they felt.,Not sure.,Thank you for the experiment!
5,cake,informative,heart0,was,terrible,28687,363377,English,I think the experiment was about how participants may predict the conversation between two people given background information and comparing the results with how the person who was actually in the conversation how they felt.,Not sure.,Thank you for the experiment!
6,recital,both,heart3,was,amazing,24830,388209,English,I think the experiment was about how participants may predict the conversation between two people given background information and comparing the results with how the person who was actually in the conversation how they felt.,Not sure.,Thank you for the experiment!
7,review,both,heart2,was,good,23038,411249,English,I think the experiment was about how participants may predict the conversation between two people given background information and comparing the results with how the person who was actually in the conversation how they felt.,Not sure.,Thank you for the experiment!
8,app,informative,heart3,wasn't,bad,51798,463049,English,I think the experiment was about how participants may predict the conversation between two people given background information and comparing the results with how the person who was actually in the conversation how they felt.,Not sure.,Thank you for the experiment!
9,poem,informative,heart1,was,bad,27646,490697,English,I think the experiment was about how participants may predict the conversation between two people given background information and comparing the results with how the person who was actually in the conversation how they felt.,Not sure.,Thank you for the experiment!
10,song,social,heart2,was,amazing,51903,542601,English,I think the experiment was about how participants may predict the conversation between two people given background information and comparing the results with how the person who was actually in the conversation how they felt.,Not sure.,Thank you for the experiment!
11,movie,both,heart0,wasn't,terrible,22678,565281,English,I think the experiment was about how participants may predict the conversation between two people given background information and comparing the results with how the person who was actually in the conversation how they felt.,Not sure.,Thank you for the experiment!
12,monologue,social,heart3,was,good,49678,614961,English,I think the experiment was about how participants may predict the conversation between two people given background information and comparing the results with how the person who was actually in the conversation how they felt.,Not sure.,Thank you for the experiment!