trial,item,goal,true_state,positivity,utterance,rt,time_elapsed,language,expt_aim,goal_thoughts,expt_general
1,poem,social,heart1,was,good,77016,161782,English,prediction study in an interaction between two people, how do you think they really feel about them based on the info given.,to find out what you think their true motive is between the interaction of two people.,none
2,app,social,heart0,was,good,18040,179838,English,prediction study in an interaction between two people, how do you think they really feel about them based on the info given.,to find out what you think their true motive is between the interaction of two people.,none
3,monologue,social,heart3,was,good,26071,205911,English,prediction study in an interaction between two people, how do you think they really feel about them based on the info given.,to find out what you think their true motive is between the interaction of two people.,none
4,dance,informative,heart0,was,bad,40373,246286,English,prediction study in an interaction between two people, how do you think they really feel about them based on the info given.,to find out what you think their true motive is between the interaction of two people.,none
5,cake,informative,heart3,wasn't,bad,27625,273913,English,prediction study in an interaction between two people, how do you think they really feel about them based on the info given.,to find out what you think their true motive is between the interaction of two people.,none
6,review,informative,heart2,was,good,15939,289853,English,prediction study in an interaction between two people, how do you think they really feel about them based on the info given.,to find out what you think their true motive is between the interaction of two people.,none
7,presentation,both,heart1,was,good,20579,310433,English,prediction study in an interaction between two people, how do you think they really feel about them based on the info given.,to find out what you think their true motive is between the interaction of two people.,none
8,movie,both,heart2,was,good,15709,326144,English,prediction study in an interaction between two people, how do you think they really feel about them based on the info given.,to find out what you think their true motive is between the interaction of two people.,none
9,song,informative,heart1,was,bad,13642,339788,English,prediction study in an interaction between two people, how do you think they really feel about them based on the info given.,to find out what you think their true motive is between the interaction of two people.,none
10,solo,both,heart0,wasn't,bad,70104,409894,English,prediction study in an interaction between two people, how do you think they really feel about them based on the info given.,to find out what you think their true motive is between the interaction of two people.,none
11,recital,social,heart2,was,good,16016,425911,English,prediction study in an interaction between two people, how do you think they really feel about them based on the info given.,to find out what you think their true motive is between the interaction of two people.,none
12,painting,both,heart3,was,amazing,6190,432102,English,prediction study in an interaction between two people, how do you think they really feel about them based on the info given.,to find out what you think their true motive is between the interaction of two people.,none