trial,item,goal,true_state,positivity,utterance,rt,time_elapsed,language,expt_aim,goal_thoughts,expt_general
1,song,social,heart0,was,amazing,108807,140724,English ,The experiment is about how people communicate their opinions on social situations,Yes, to be supportive or protect their relationship. ,no
2,recital,social,heart3,was,good,27301,168043,English ,The experiment is about how people communicate their opinions on social situations,Yes, to be supportive or protect their relationship. ,no
3,cake,both,heart1,was,good,37981,206025,English ,The experiment is about how people communicate their opinions on social situations,Yes, to be supportive or protect their relationship. ,no
4,monologue,informative,heart2,was,good,38939,244969,English ,The experiment is about how people communicate their opinions on social situations,Yes, to be supportive or protect their relationship. ,no
5,painting,informative,heart0,was,terrible,12918,257892,English ,The experiment is about how people communicate their opinions on social situations,Yes, to be supportive or protect their relationship. ,no
6,app,both,heart2,was,good,39366,297260,English ,The experiment is about how people communicate their opinions on social situations,Yes, to be supportive or protect their relationship. ,no
7,poem,social,heart1,was,amazing,49837,347098,English ,The experiment is about how people communicate their opinions on social situations,Yes, to be supportive or protect their relationship. ,no
8,presentation,both,heart0,was,good,11454,358555,English ,The experiment is about how people communicate their opinions on social situations,Yes, to be supportive or protect their relationship. ,no
9,dance,both,heart3,was,amazing,126860,485418,English ,The experiment is about how people communicate their opinions on social situations,Yes, to be supportive or protect their relationship. ,no
10,review,informative,heart1,was,bad,6174,491594,English ,The experiment is about how people communicate their opinions on social situations,Yes, to be supportive or protect their relationship. ,no
11,movie,informative,heart3,was,good,10286,501882,English ,The experiment is about how people communicate their opinions on social situations,Yes, to be supportive or protect their relationship. ,no
12,solo,social,heart2,was,good,7966,509850,English ,The experiment is about how people communicate their opinions on social situations,Yes, to be supportive or protect their relationship. ,no