trial,item,goal,true_state,positivity,utterance,rt,time_elapsed,language,expt_aim,goal_thoughts,expt_general
1,song,both,heart2,was,good,44193,143383,English,How people balance honest and kindness when giving feedback.,Maintaining friendships/relationships when asked for feedback.,
2,solo,social,heart1,was,amazing,22335,165726,English,How people balance honest and kindness when giving feedback.,Maintaining friendships/relationships when asked for feedback.,
3,presentation,informative,heart0,was,terrible,18193,183920,English,How people balance honest and kindness when giving feedback.,Maintaining friendships/relationships when asked for feedback.,
4,painting,both,heart3,was,amazing,16035,199956,English,How people balance honest and kindness when giving feedback.,Maintaining friendships/relationships when asked for feedback.,
5,movie,social,heart2,was,amazing,43279,243236,English,How people balance honest and kindness when giving feedback.,Maintaining friendships/relationships when asked for feedback.,
6,dance,social,heart3,was,amazing,20934,264171,English,How people balance honest and kindness when giving feedback.,Maintaining friendships/relationships when asked for feedback.,
7,recital,informative,heart1,was,bad,21874,286046,English,How people balance honest and kindness when giving feedback.,Maintaining friendships/relationships when asked for feedback.,
8,cake,social,heart0,was,amazing,23334,309380,English,How people balance honest and kindness when giving feedback.,Maintaining friendships/relationships when asked for feedback.,
9,poem,both,heart1,was,good,25510,334892,English,How people balance honest and kindness when giving feedback.,Maintaining friendships/relationships when asked for feedback.,
10,monologue,both,heart0,was,bad,13913,348806,English,How people balance honest and kindness when giving feedback.,Maintaining friendships/relationships when asked for feedback.,
11,app,informative,heart3,was,amazing,12227,361034,English,How people balance honest and kindness when giving feedback.,Maintaining friendships/relationships when asked for feedback.,
12,review,informative,heart2,was,good,25249,386284,English,How people balance honest and kindness when giving feedback.,Maintaining friendships/relationships when asked for feedback.,