trial,item,goal,true_state,positivity,utterance,rt,time_elapsed,language,expt_aim,goal_thoughts,expt_general
1,solo,both,heart2,was,good,45704,112389,English,how people communicate feedback,regarding the other's emotions,fun experiment, really interesting!
2,recital,social,heart0,was,good,49871,162267,English,how people communicate feedback,regarding the other's emotions,fun experiment, really interesting!
3,song,both,heart1,wasn't,bad,26142,188410,English,how people communicate feedback,regarding the other's emotions,fun experiment, really interesting!
4,cake,social,heart3,was,good,32848,221260,English,how people communicate feedback,regarding the other's emotions,fun experiment, really interesting!
5,app,both,heart0,wasn't,terrible,39604,260865,English,how people communicate feedback,regarding the other's emotions,fun experiment, really interesting!
6,poem,informative,heart1,was,bad,17205,278071,English,how people communicate feedback,regarding the other's emotions,fun experiment, really interesting!
7,monologue,informative,heart3,was,amazing,18289,296362,English,how people communicate feedback,regarding the other's emotions,fun experiment, really interesting!
8,dance,social,heart2,was,good,15824,312188,English,how people communicate feedback,regarding the other's emotions,fun experiment, really interesting!
9,painting,informative,heart0,was,terrible,20366,332555,English,how people communicate feedback,regarding the other's emotions,fun experiment, really interesting!
10,presentation,informative,heart2,was,good,14215,346771,English,how people communicate feedback,regarding the other's emotions,fun experiment, really interesting!
11,review,social,heart1,was,good,15164,361937,English,how people communicate feedback,regarding the other's emotions,fun experiment, really interesting!
12,movie,both,heart3,was,amazing,10834,372772,English,how people communicate feedback,regarding the other's emotions,fun experiment, really interesting!