trial,item,goal,true_state,positivity,utterance,rt,time_elapsed,language,expt_aim,goal_thoughts,expt_general
1,painting,informative,heart1,was,good,30937,42379,Swedish,Social situations in which unwarranted politeness is forced,No, just saving face,
2,app,both,heart3,was,amazing,10730,53116,Swedish,Social situations in which unwarranted politeness is forced,No, just saving face,
3,review,social,heart2,was,good,13878,67000,Swedish,Social situations in which unwarranted politeness is forced,No, just saving face,
4,presentation,informative,heart3,was,amazing,9422,76428,Swedish,Social situations in which unwarranted politeness is forced,No, just saving face,
5,poem,informative,heart0,wasn't,terrible,7861,84293,Swedish,Social situations in which unwarranted politeness is forced,No, just saving face,
6,recital,informative,heart2,wasn't,terrible,12289,96586,Swedish,Social situations in which unwarranted politeness is forced,No, just saving face,
7,cake,social,heart3,was,amazing,6007,102598,Swedish,Social situations in which unwarranted politeness is forced,No, just saving face,
8,song,social,heart1,wasn't,bad,11469,114071,Swedish,Social situations in which unwarranted politeness is forced,No, just saving face,
9,movie,social,heart0,was,good,12507,126582,Swedish,Social situations in which unwarranted politeness is forced,No, just saving face,
10,dance,both,heart1,wasn't,bad,18462,145049,Swedish,Social situations in which unwarranted politeness is forced,No, just saving face,
11,solo,both,heart0,wasn't,good,14728,159782,Swedish,Social situations in which unwarranted politeness is forced,No, just saving face,
12,monologue,both,heart2,was,good,10979,170765,Swedish,Social situations in which unwarranted politeness is forced,No, just saving face,