trial,item,goal,true_state,positivity,utterance,rt,time_elapsed,language,expt_aim,goal_thoughts,expt_general
1,poem,social,heart0,was,good,120525,207735,English,understanding people feedback to others.,yes

,
2,cake,both,heart1,was,good,91924,299677,English,understanding people feedback to others.,yes

,
3,song,informative,heart3,was,bad,84967,384662,English,understanding people feedback to others.,yes

,
4,solo,informative,heart1,was,good,57973,442652,English,understanding people feedback to others.,yes

,
5,recital,social,heart2,was,good,6832,449488,English,understanding people feedback to others.,yes

,
6,presentation,social,heart1,wasn't,good,9828,459318,English,understanding people feedback to others.,yes

,
7,review,both,heart3,was,good,7790,467112,English,understanding people feedback to others.,yes

,
8,movie,both,heart2,was,good,7015,474129,English,understanding people feedback to others.,yes

,
9,monologue,both,heart0,was,terrible,7063,481195,English,understanding people feedback to others.,yes

,
10,painting,social,heart3,was,amazing,8652,489849,English,understanding people feedback to others.,yes

,
11,dance,informative,heart2,was,good,6252,496104,English,understanding people feedback to others.,yes

,
12,app,informative,heart0,was,bad,75099,571208,English,understanding people feedback to others.,yes

,