trial,item,goal,true_state,positivity,utterance,rt,time_elapsed,language,expt_aim,goal_thoughts,expt_general
1,review,both,heart3,was,amazing,46083,171131,English,Being honest with people when giving opinions about their work,Don't know for sure,no
2,solo,both,heart0,was,good,65868,237034,English,Being honest with people when giving opinions about their work,Don't know for sure,no
3,song,both,heart1,was,amazing,63082,300122,English,Being honest with people when giving opinions about their work,Don't know for sure,no
4,app,both,heart2,wasn't,bad,41778,341907,English,Being honest with people when giving opinions about their work,Don't know for sure,no
5,presentation,informative,heart3,wasn't,terrible,64241,406154,English,Being honest with people when giving opinions about their work,Don't know for sure,no
6,cake,social,heart2,was,amazing,39147,445307,English,Being honest with people when giving opinions about their work,Don't know for sure,no
7,monologue,social,heart3,was,amazing,32753,478067,English,Being honest with people when giving opinions about their work,Don't know for sure,no
8,recital,informative,heart0,wasn't,bad,48450,526523,English,Being honest with people when giving opinions about their work,Don't know for sure,no
9,painting,social,heart1,was,good,28123,554651,English,Being honest with people when giving opinions about their work,Don't know for sure,no
10,movie,informative,heart2,wasn't,terrible,34067,588723,English,Being honest with people when giving opinions about their work,Don't know for sure,no
11,poem,informative,heart1,wasn't,bad,38162,626891,English,Being honest with people when giving opinions about their work,Don't know for sure,no
12,dance,social,heart0,was,amazing,27963,654859,English,Being honest with people when giving opinions about their work,Don't know for sure,no