trial,item,goal,true_state,positivity,utterance,rt,time_elapsed,language,expt_aim,goal_thoughts,expt_general
1,recital,informative,heart2,was,good,18018,943197,English,changing the language depending on the desired outcome (i.e. it was or it wasn't),Hard to say, possible some self interest,Interesting!
2,painting,social,heart1,wasn't,bad,16040,959251,English,changing the language depending on the desired outcome (i.e. it was or it wasn't),Hard to say, possible some self interest,Interesting!
3,review,informative,heart3,was,good,15256,974510,English,changing the language depending on the desired outcome (i.e. it was or it wasn't),Hard to say, possible some self interest,Interesting!
4,presentation,both,heart2,was,good,7902,982416,English,changing the language depending on the desired outcome (i.e. it was or it wasn't),Hard to say, possible some self interest,Interesting!
5,cake,informative,heart0,was,bad,11241,993659,English,changing the language depending on the desired outcome (i.e. it was or it wasn't),Hard to say, possible some self interest,Interesting!
6,poem,both,heart3,was,amazing,7387,1001051,English,changing the language depending on the desired outcome (i.e. it was or it wasn't),Hard to say, possible some self interest,Interesting!
7,app,informative,heart1,wasn't,good,8013,1009068,English,changing the language depending on the desired outcome (i.e. it was or it wasn't),Hard to say, possible some self interest,Interesting!
8,song,social,heart0,wasn't,terrible,8436,1017509,English,changing the language depending on the desired outcome (i.e. it was or it wasn't),Hard to say, possible some self interest,Interesting!
9,monologue,both,heart1,was,good,9142,1026654,English,changing the language depending on the desired outcome (i.e. it was or it wasn't),Hard to say, possible some self interest,Interesting!
10,movie,both,heart0,wasn't,terrible,10917,1037575,English,changing the language depending on the desired outcome (i.e. it was or it wasn't),Hard to say, possible some self interest,Interesting!
11,solo,social,heart3,was,good,7377,1044956,English,changing the language depending on the desired outcome (i.e. it was or it wasn't),Hard to say, possible some self interest,Interesting!
12,dance,social,heart2,was,amazing,16565,1061525,English,changing the language depending on the desired outcome (i.e. it was or it wasn't),Hard to say, possible some self interest,Interesting!