trial,item,goal,true_state,positivity,utterance,rt,time_elapsed,language,expt_aim,goal_thoughts,expt_general
1,poem,social,heart1,was,good,47569,89105,English,Predicting what people would answer. ,Not that I could identify. ,Not done a survey like this one before!
2,cake,both,heart2,was,good,20811,109945,English,Predicting what people would answer. ,Not that I could identify. ,Not done a survey like this one before!
3,solo,social,heart0,wasn't,bad,13868,123824,English,Predicting what people would answer. ,Not that I could identify. ,Not done a survey like this one before!
4,dance,informative,heart3,wasn't,bad,25544,149375,English,Predicting what people would answer. ,Not that I could identify. ,Not done a survey like this one before!
5,presentation,social,heart2,wasn't,terrible,40651,190032,English,Predicting what people would answer. ,Not that I could identify. ,Not done a survey like this one before!
6,painting,both,heart1,wasn't,terrible,49119,239158,English,Predicting what people would answer. ,Not that I could identify. ,Not done a survey like this one before!
7,review,both,heart3,was,amazing,8474,247639,English,Predicting what people would answer. ,Not that I could identify. ,Not done a survey like this one before!
8,app,informative,heart0,was,terrible,12360,260005,English,Predicting what people would answer. ,Not that I could identify. ,Not done a survey like this one before!
9,monologue,informative,heart2,wasn't,bad,14465,274477,English,Predicting what people would answer. ,Not that I could identify. ,Not done a survey like this one before!
10,song,social,heart3,was,good,19825,294308,English,Predicting what people would answer. ,Not that I could identify. ,Not done a survey like this one before!
11,movie,informative,heart1,was,bad,34029,328339,English,Predicting what people would answer. ,Not that I could identify. ,Not done a survey like this one before!
12,recital,both,heart0,wasn't,bad,18969,347315,English,Predicting what people would answer. ,Not that I could identify. ,Not done a survey like this one before!