trial,item,goal,true_state,positivity,utterance,rt,time_elapsed,language,expt_aim,goal_thoughts,expt_general
1,solo,both,heart0,wasn't,terrible,64447,121275,English,Emphasizing the positive aspects and downplaying the negatives of a response,To see how responses can appear to be positive or negative depending on how they are delivered,It was interesting, Thank you.
2,dance,social,heart3,was,good,33999,155291,English,Emphasizing the positive aspects and downplaying the negatives of a response,To see how responses can appear to be positive or negative depending on how they are delivered,It was interesting, Thank you.
3,cake,both,heart2,was,good,20426,175720,English,Emphasizing the positive aspects and downplaying the negatives of a response,To see how responses can appear to be positive or negative depending on how they are delivered,It was interesting, Thank you.
4,app,informative,heart0,wasn't,good,49889,225612,English,Emphasizing the positive aspects and downplaying the negatives of a response,To see how responses can appear to be positive or negative depending on how they are delivered,It was interesting, Thank you.
5,song,both,heart3,was,amazing,14832,240448,English,Emphasizing the positive aspects and downplaying the negatives of a response,To see how responses can appear to be positive or negative depending on how they are delivered,It was interesting, Thank you.
6,presentation,social,heart2,wasn't,bad,64322,304772,English,Emphasizing the positive aspects and downplaying the negatives of a response,To see how responses can appear to be positive or negative depending on how they are delivered,It was interesting, Thank you.
7,review,social,heart1,wasn't,terrible,35281,340055,English,Emphasizing the positive aspects and downplaying the negatives of a response,To see how responses can appear to be positive or negative depending on how they are delivered,It was interesting, Thank you.
8,painting,informative,heart2,wasn't,amazing,17658,357716,English,Emphasizing the positive aspects and downplaying the negatives of a response,To see how responses can appear to be positive or negative depending on how they are delivered,It was interesting, Thank you.
9,movie,both,heart1,wasn't,bad,25642,383360,English,Emphasizing the positive aspects and downplaying the negatives of a response,To see how responses can appear to be positive or negative depending on how they are delivered,It was interesting, Thank you.
10,poem,social,heart0,was,good,23074,406436,English,Emphasizing the positive aspects and downplaying the negatives of a response,To see how responses can appear to be positive or negative depending on how they are delivered,It was interesting, Thank you.
11,recital,informative,heart3,wasn't,terrible,23526,429964,English,Emphasizing the positive aspects and downplaying the negatives of a response,To see how responses can appear to be positive or negative depending on how they are delivered,It was interesting, Thank you.
12,monologue,informative,heart1,wasn't,amazing,23245,453211,English,Emphasizing the positive aspects and downplaying the negatives of a response,To see how responses can appear to be positive or negative depending on how they are delivered,It was interesting, Thank you.