trial,item,goal,true_state,positivity,utterance,rt,time_elapsed,language,expt_aim,goal_thoughts,expt_general
1,song,both,heart1,wasn't,bad,31380,62620,English,Balancing honesty with consideration of other's feelings,Not that I'm aware of.,
2,movie,social,heart3,was,amazing,20487,83121,English,Balancing honesty with consideration of other's feelings,Not that I'm aware of.,
3,app,social,heart0,was,good,13407,96536,English,Balancing honesty with consideration of other's feelings,Not that I'm aware of.,
4,review,social,heart2,was,good,8914,105456,English,Balancing honesty with consideration of other's feelings,Not that I'm aware of.,
5,cake,informative,heart1,wasn't,good,30078,135540,English,Balancing honesty with consideration of other's feelings,Not that I'm aware of.,
6,recital,informative,heart0,was,bad,10436,145981,English,Balancing honesty with consideration of other's feelings,Not that I'm aware of.,
7,dance,informative,heart2,was,good,9822,155808,English,Balancing honesty with consideration of other's feelings,Not that I'm aware of.,
8,monologue,social,heart1,was,good,8552,164366,English,Balancing honesty with consideration of other's feelings,Not that I'm aware of.,
9,painting,both,heart2,was,good,9336,173708,English,Balancing honesty with consideration of other's feelings,Not that I'm aware of.,
10,poem,both,heart3,was,amazing,14963,188676,English,Balancing honesty with consideration of other's feelings,Not that I'm aware of.,
11,presentation,both,heart0,wasn't,good,13239,201919,English,Balancing honesty with consideration of other's feelings,Not that I'm aware of.,
12,solo,informative,heart3,was,amazing,9973,211898,English,Balancing honesty with consideration of other's feelings,Not that I'm aware of.,