trial,item,goal,true_state,positivity,utterance,rt,time_elapsed,language,expt_aim,goal_thoughts,expt_general
1,painting,informative,heart0,wasn't,good,40867,224692,English,Ways to talk to someone with and without making them feel bad,No,Interesting experiment, I definitely had to think carefully about some of the choices.
2,movie,both,heart2,was,good,15095,239790,English,Ways to talk to someone with and without making them feel bad,No,Interesting experiment, I definitely had to think carefully about some of the choices.
3,dance,social,heart1,wasn't,bad,22399,262192,English,Ways to talk to someone with and without making them feel bad,No,Interesting experiment, I definitely had to think carefully about some of the choices.
4,poem,social,heart2,was,amazing,21432,283626,English,Ways to talk to someone with and without making them feel bad,No,Interesting experiment, I definitely had to think carefully about some of the choices.
5,recital,social,heart0,wasn't,bad,76715,360314,English,Ways to talk to someone with and without making them feel bad,No,Interesting experiment, I definitely had to think carefully about some of the choices.
6,app,social,heart3,was,good,17598,377903,English,Ways to talk to someone with and without making them feel bad,No,Interesting experiment, I definitely had to think carefully about some of the choices.
7,solo,both,heart1,wasn't,bad,21865,399766,English,Ways to talk to someone with and without making them feel bad,No,Interesting experiment, I definitely had to think carefully about some of the choices.
8,song,both,heart3,was,amazing,16050,415817,English,Ways to talk to someone with and without making them feel bad,No,Interesting experiment, I definitely had to think carefully about some of the choices.
9,cake,informative,heart1,wasn't,terrible,79299,495117,English,Ways to talk to someone with and without making them feel bad,No,Interesting experiment, I definitely had to think carefully about some of the choices.
10,monologue,informative,heart2,wasn't,bad,27515,522634,English,Ways to talk to someone with and without making them feel bad,No,Interesting experiment, I definitely had to think carefully about some of the choices.
11,review,informative,heart3,wasn't,bad,16848,539484,English,Ways to talk to someone with and without making them feel bad,No,Interesting experiment, I definitely had to think carefully about some of the choices.
12,presentation,both,heart0,wasn't,bad,11599,551085,English,Ways to talk to someone with and without making them feel bad,No,Interesting experiment, I definitely had to think carefully about some of the choices.