trial,item,goal,true_state,positivity,utterance,rt,time_elapsed,language,expt_aim,goal_thoughts,expt_general
1,monologue,informative,heart1,was,good,30222,111815,English,I’m not sure.,There’s no evidence to support any other intentions,It’s hard to not answer most of them the same way, because the number of hearts they gave never fluctuated.
2,recital,both,heart0,was,amazing,27456,139292,English,I’m not sure.,There’s no evidence to support any other intentions,It’s hard to not answer most of them the same way, because the number of hearts they gave never fluctuated.
3,solo,social,heart1,was,amazing,23519,162822,English,I’m not sure.,There’s no evidence to support any other intentions,It’s hard to not answer most of them the same way, because the number of hearts they gave never fluctuated.
4,movie,informative,heart0,was,good,18554,181387,English,I’m not sure.,There’s no evidence to support any other intentions,It’s hard to not answer most of them the same way, because the number of hearts they gave never fluctuated.
5,app,informative,heart2,was,good,22087,203484,English,I’m not sure.,There’s no evidence to support any other intentions,It’s hard to not answer most of them the same way, because the number of hearts they gave never fluctuated.
6,poem,informative,heart3,was,good,13655,217148,English,I’m not sure.,There’s no evidence to support any other intentions,It’s hard to not answer most of them the same way, because the number of hearts they gave never fluctuated.
7,song,social,heart2,was,amazing,20909,238065,English,I’m not sure.,There’s no evidence to support any other intentions,It’s hard to not answer most of them the same way, because the number of hearts they gave never fluctuated.
8,painting,social,heart3,was,amazing,16055,254133,English,I’m not sure.,There’s no evidence to support any other intentions,It’s hard to not answer most of them the same way, because the number of hearts they gave never fluctuated.
9,review,social,heart0,was,amazing,21169,275312,English,I’m not sure.,There’s no evidence to support any other intentions,It’s hard to not answer most of them the same way, because the number of hearts they gave never fluctuated.
10,dance,both,heart2,was,good,23489,298813,English,I’m not sure.,There’s no evidence to support any other intentions,It’s hard to not answer most of them the same way, because the number of hearts they gave never fluctuated.
11,presentation,both,heart1,was,good,62050,360873,English,I’m not sure.,There’s no evidence to support any other intentions,It’s hard to not answer most of them the same way, because the number of hearts they gave never fluctuated.
12,cake,both,heart3,was,good,15558,376443,English,I’m not sure.,There’s no evidence to support any other intentions,It’s hard to not answer most of them the same way, because the number of hearts they gave never fluctuated.