trial,item,goal,true_state,positivity,utterance,rt,time_elapsed,language,expt_aim,goal_thoughts,expt_general
1,app,informative,heart2,was,good,21030,353331,English,Rating if the scenarios presented was good or terrible according to the ratings given to them,no, none.,None
2,review,social,heart1,wasn't,good,8163,361499,English,Rating if the scenarios presented was good or terrible according to the ratings given to them,no, none.,None
3,recital,informative,heart0,was,bad,6265,367767,English,Rating if the scenarios presented was good or terrible according to the ratings given to them,no, none.,None
4,painting,informative,heart3,wasn't,amazing,7343,375113,English,Rating if the scenarios presented was good or terrible according to the ratings given to them,no, none.,None
5,cake,informative,heart1,wasn't,terrible,6469,381586,English,Rating if the scenarios presented was good or terrible according to the ratings given to them,no, none.,None
6,poem,both,heart2,was,good,89242,470832,English,Rating if the scenarios presented was good or terrible according to the ratings given to them,no, none.,None
7,presentation,both,heart3,was,amazing,6139,476975,English,Rating if the scenarios presented was good or terrible according to the ratings given to them,no, none.,None
8,song,social,heart2,was,good,9632,486610,English,Rating if the scenarios presented was good or terrible according to the ratings given to them,no, none.,None
9,monologue,both,heart0,was,terrible,5916,492529,English,Rating if the scenarios presented was good or terrible according to the ratings given to them,no, none.,None
10,movie,social,heart3,was,amazing,15686,508218,English,Rating if the scenarios presented was good or terrible according to the ratings given to them,no, none.,None
11,dance,both,heart1,wasn't,terrible,9167,517389,English,Rating if the scenarios presented was good or terrible according to the ratings given to them,no, none.,None
12,solo,social,heart0,was,bad,6728,524123,English,Rating if the scenarios presented was good or terrible according to the ratings given to them,no, none.,None