trial,item,goal,true_state,positivity,utterance,rt,time_elapsed,language,expt_aim,goal_thoughts,expt_general
1,presentation,social,heart1,wasn't,bad,41550,121541,English,Relative descriptors and use of negative and positive adjectives,I'm not sure. But as Briton I tend to be personally understated and know I use more negative,Not really
2,song,social,heart0,wasn't,amazing,30139,151688,English,Relative descriptors and use of negative and positive adjectives,I'm not sure. But as Briton I tend to be personally understated and know I use more negative,Not really
3,app,both,heart3,was,good,16135,167826,English,Relative descriptors and use of negative and positive adjectives,I'm not sure. But as Briton I tend to be personally understated and know I use more negative,Not really
4,movie,both,heart1,wasn't,bad,76397,244226,English,Relative descriptors and use of negative and positive adjectives,I'm not sure. But as Briton I tend to be personally understated and know I use more negative,Not really
5,painting,both,heart2,was,good,22736,266964,English,Relative descriptors and use of negative and positive adjectives,I'm not sure. But as Briton I tend to be personally understated and know I use more negative,Not really
6,cake,informative,heart1,wasn't,bad,53555,320522,English,Relative descriptors and use of negative and positive adjectives,I'm not sure. But as Briton I tend to be personally understated and know I use more negative,Not really
7,poem,informative,heart0,wasn't,terrible,14583,335107,English,Relative descriptors and use of negative and positive adjectives,I'm not sure. But as Briton I tend to be personally understated and know I use more negative,Not really
8,review,informative,heart3,was,amazing,114361,449471,English,Relative descriptors and use of negative and positive adjectives,I'm not sure. But as Briton I tend to be personally understated and know I use more negative,Not really
9,recital,informative,heart2,was,good,10064,459537,English,Relative descriptors and use of negative and positive adjectives,I'm not sure. But as Briton I tend to be personally understated and know I use more negative,Not really
10,solo,social,heart3,was,amazing,9303,468841,English,Relative descriptors and use of negative and positive adjectives,I'm not sure. But as Briton I tend to be personally understated and know I use more negative,Not really
11,monologue,both,heart0,wasn't,terrible,6991,475834,English,Relative descriptors and use of negative and positive adjectives,I'm not sure. But as Briton I tend to be personally understated and know I use more negative,Not really
12,dance,social,heart2,was,amazing,27032,502869,English,Relative descriptors and use of negative and positive adjectives,I'm not sure. But as Briton I tend to be personally understated and know I use more negative,Not really