trial,item,goal,true_state,positivity,utterance,rt,time_elapsed,language,expt_aim,goal_thoughts,expt_general
1,poem,informative,heart1,was,bad,111378,267238,English,Compliments,It required someone to be factual.,It was great
2,song,social,heart3,was,good,28739,296000,English,Compliments,It required someone to be factual.,It was great
3,solo,informative,heart0,was,terrible,27171,323177,English,Compliments,It required someone to be factual.,It was great
4,cake,both,heart1,wasn't,bad,37998,361181,English,Compliments,It required someone to be factual.,It was great
5,monologue,both,heart0,wasn't,terrible,32054,393241,English,Compliments,It required someone to be factual.,It was great
6,presentation,both,heart2,was,good,25315,418560,English,Compliments,It required someone to be factual.,It was great
7,review,social,heart1,was,amazing,45288,463854,English,Compliments,It required someone to be factual.,It was great
8,dance,informative,heart2,wasn't,bad,33199,497058,English,Compliments,It required someone to be factual.,It was great
9,recital,social,heart0,was,good,29855,526919,English,Compliments,It required someone to be factual.,It was great
10,app,informative,heart3,wasn't,bad,29600,556523,English,Compliments,It required someone to be factual.,It was great
11,painting,social,heart2,was,amazing,27745,584273,English,Compliments,It required someone to be factual.,It was great
12,movie,both,heart3,was,amazing,21544,605820,English,Compliments,It required someone to be factual.,It was great