trial,item,goal,true_state,positivity,utterance,rt,time_elapsed,language,expt_aim,goal_thoughts,expt_general
1,review,both,heart1,wasn't,bad,71408,139368,English,I think the experiment was about whether or not someone would choose wasn't or was in order to mitigate potential upset or influence another persons interpretation in a lesser impact or more impactful way.,I don't think so really. I think that is the primary goal. Having said that, I do think that when the person tries to "not necessarily give accurate feedback" that they may be jealous of their improvements and don't actually want them to improve that much. They could be giving false feedback to be nice, or they could be doing it in a manipulative way, but i guess that falls intto the category of being mean, apart from the jealousy...,
2,dance,informative,heart3,was,good,42243,181617,English,I think the experiment was about whether or not someone would choose wasn't or was in order to mitigate potential upset or influence another persons interpretation in a lesser impact or more impactful way.,I don't think so really. I think that is the primary goal. Having said that, I do think that when the person tries to "not necessarily give accurate feedback" that they may be jealous of their improvements and don't actually want them to improve that much. They could be giving false feedback to be nice, or they could be doing it in a manipulative way, but i guess that falls intto the category of being mean, apart from the jealousy...,
3,poem,social,heart2,was,amazing,38160,219776,English,I think the experiment was about whether or not someone would choose wasn't or was in order to mitigate potential upset or influence another persons interpretation in a lesser impact or more impactful way.,I don't think so really. I think that is the primary goal. Having said that, I do think that when the person tries to "not necessarily give accurate feedback" that they may be jealous of their improvements and don't actually want them to improve that much. They could be giving false feedback to be nice, or they could be doing it in a manipulative way, but i guess that falls intto the category of being mean, apart from the jealousy...,
4,solo,both,heart3,was,amazing,20537,240314,English,I think the experiment was about whether or not someone would choose wasn't or was in order to mitigate potential upset or influence another persons interpretation in a lesser impact or more impactful way.,I don't think so really. I think that is the primary goal. Having said that, I do think that when the person tries to "not necessarily give accurate feedback" that they may be jealous of their improvements and don't actually want them to improve that much. They could be giving false feedback to be nice, or they could be doing it in a manipulative way, but i guess that falls intto the category of being mean, apart from the jealousy...,
5,cake,informative,heart0,was,bad,1007737,1248018,English,I think the experiment was about whether or not someone would choose wasn't or was in order to mitigate potential upset or influence another persons interpretation in a lesser impact or more impactful way.,I don't think so really. I think that is the primary goal. Having said that, I do think that when the person tries to "not necessarily give accurate feedback" that they may be jealous of their improvements and don't actually want them to improve that much. They could be giving false feedback to be nice, or they could be doing it in a manipulative way, but i guess that falls intto the category of being mean, apart from the jealousy...,
6,recital,social,heart3,was,good,26740,1274757,English,I think the experiment was about whether or not someone would choose wasn't or was in order to mitigate potential upset or influence another persons interpretation in a lesser impact or more impactful way.,I don't think so really. I think that is the primary goal. Having said that, I do think that when the person tries to "not necessarily give accurate feedback" that they may be jealous of their improvements and don't actually want them to improve that much. They could be giving false feedback to be nice, or they could be doing it in a manipulative way, but i guess that falls intto the category of being mean, apart from the jealousy...,
7,app,informative,heart2,wasn't,bad,26327,1301086,English,I think the experiment was about whether or not someone would choose wasn't or was in order to mitigate potential upset or influence another persons interpretation in a lesser impact or more impactful way.,I don't think so really. I think that is the primary goal. Having said that, I do think that when the person tries to "not necessarily give accurate feedback" that they may be jealous of their improvements and don't actually want them to improve that much. They could be giving false feedback to be nice, or they could be doing it in a manipulative way, but i guess that falls intto the category of being mean, apart from the jealousy...,
8,song,informative,heart1,wasn't,terrible,29386,1330473,English,I think the experiment was about whether or not someone would choose wasn't or was in order to mitigate potential upset or influence another persons interpretation in a lesser impact or more impactful way.,I don't think so really. I think that is the primary goal. Having said that, I do think that when the person tries to "not necessarily give accurate feedback" that they may be jealous of their improvements and don't actually want them to improve that much. They could be giving false feedback to be nice, or they could be doing it in a manipulative way, but i guess that falls intto the category of being mean, apart from the jealousy...,
9,presentation,both,heart0,wasn't,bad,19055,1349528,English,I think the experiment was about whether or not someone would choose wasn't or was in order to mitigate potential upset or influence another persons interpretation in a lesser impact or more impactful way.,I don't think so really. I think that is the primary goal. Having said that, I do think that when the person tries to "not necessarily give accurate feedback" that they may be jealous of their improvements and don't actually want them to improve that much. They could be giving false feedback to be nice, or they could be doing it in a manipulative way, but i guess that falls intto the category of being mean, apart from the jealousy...,
10,movie,social,heart1,was,good,23106,1372635,English,I think the experiment was about whether or not someone would choose wasn't or was in order to mitigate potential upset or influence another persons interpretation in a lesser impact or more impactful way.,I don't think so really. I think that is the primary goal. Having said that, I do think that when the person tries to "not necessarily give accurate feedback" that they may be jealous of their improvements and don't actually want them to improve that much. They could be giving false feedback to be nice, or they could be doing it in a manipulative way, but i guess that falls intto the category of being mean, apart from the jealousy...,
11,painting,both,heart2,was,good,25477,1398111,English,I think the experiment was about whether or not someone would choose wasn't or was in order to mitigate potential upset or influence another persons interpretation in a lesser impact or more impactful way.,I don't think so really. I think that is the primary goal. Having said that, I do think that when the person tries to "not necessarily give accurate feedback" that they may be jealous of their improvements and don't actually want them to improve that much. They could be giving false feedback to be nice, or they could be doing it in a manipulative way, but i guess that falls intto the category of being mean, apart from the jealousy...,
12,monologue,social,heart0,was,good,21529,1419641,English,I think the experiment was about whether or not someone would choose wasn't or was in order to mitigate potential upset or influence another persons interpretation in a lesser impact or more impactful way.,I don't think so really. I think that is the primary goal. Having said that, I do think that when the person tries to "not necessarily give accurate feedback" that they may be jealous of their improvements and don't actually want them to improve that much. They could be giving false feedback to be nice, or they could be doing it in a manipulative way, but i guess that falls intto the category of being mean, apart from the jealousy...,