trial,item,goal,true_state,positivity,utterance,rt,time_elapsed,language,expt_aim,goal_thoughts,expt_general
1,song,informative,heart0,was,amazing,24994,89323,English,Answering in the positive or negative manner ie.  it was v it wasn't,Yes they were considering how their answer would affect the other person't feelings.,It was interesting.
2,poem,informative,heart3,wasn't,bad,25974,115311,English,Answering in the positive or negative manner ie.  it was v it wasn't,Yes they were considering how their answer would affect the other person't feelings.,It was interesting.
3,recital,informative,heart2,was,good,39435,154756,English,Answering in the positive or negative manner ie.  it was v it wasn't,Yes they were considering how their answer would affect the other person't feelings.,It was interesting.
4,app,both,heart1,was,amazing,24043,178807,English,Answering in the positive or negative manner ie.  it was v it wasn't,Yes they were considering how their answer would affect the other person't feelings.,It was interesting.
5,review,both,heart0,was,amazing,17095,195911,English,Answering in the positive or negative manner ie.  it was v it wasn't,Yes they were considering how their answer would affect the other person't feelings.,It was interesting.
6,dance,social,heart3,was,good,38005,233926,English,Answering in the positive or negative manner ie.  it was v it wasn't,Yes they were considering how their answer would affect the other person't feelings.,It was interesting.
7,solo,both,heart2,was,amazing,12566,246501,English,Answering in the positive or negative manner ie.  it was v it wasn't,Yes they were considering how their answer would affect the other person't feelings.,It was interesting.
8,painting,social,heart0,was,good,22977,269487,English,Answering in the positive or negative manner ie.  it was v it wasn't,Yes they were considering how their answer would affect the other person't feelings.,It was interesting.
9,movie,both,heart3,was,amazing,12780,282275,English,Answering in the positive or negative manner ie.  it was v it wasn't,Yes they were considering how their answer would affect the other person't feelings.,It was interesting.
10,cake,informative,heart1,wasn't,bad,25532,307816,English,Answering in the positive or negative manner ie.  it was v it wasn't,Yes they were considering how their answer would affect the other person't feelings.,It was interesting.
11,presentation,social,heart2,was,good,19004,326829,English,Answering in the positive or negative manner ie.  it was v it wasn't,Yes they were considering how their answer would affect the other person't feelings.,It was interesting.
12,monologue,social,heart1,wasn't,bad,27362,354201,English,Answering in the positive or negative manner ie.  it was v it wasn't,Yes they were considering how their answer would affect the other person't feelings.,It was interesting.