trial,item,goal,true_state,positivity,utterance,rt,time_elapsed,language,expt_aim,goal_thoughts,expt_general
1,presentation,social,heart3,was,good,22816,63496,English,How our language reflects/hides our true feelings?,To be considerate of the language they used.,
2,dance,both,heart1,wasn't,bad,11924,75428,English,How our language reflects/hides our true feelings?,To be considerate of the language they used.,
3,cake,social,heart0,wasn't,terrible,10610,86041,English,How our language reflects/hides our true feelings?,To be considerate of the language they used.,
4,review,informative,heart3,wasn't,amazing,9981,96026,English,How our language reflects/hides our true feelings?,To be considerate of the language they used.,
5,poem,informative,heart1,wasn't,amazing,11488,107516,English,How our language reflects/hides our true feelings?,To be considerate of the language they used.,
6,recital,both,heart0,wasn't,terrible,7816,115335,English,How our language reflects/hides our true feelings?,To be considerate of the language they used.,
7,painting,both,heart2,was,good,9585,124922,English,How our language reflects/hides our true feelings?,To be considerate of the language they used.,
8,movie,informative,heart0,was,bad,10517,135442,English,How our language reflects/hides our true feelings?,To be considerate of the language they used.,
9,monologue,social,heart1,was,good,8543,143988,English,How our language reflects/hides our true feelings?,To be considerate of the language they used.,
10,song,social,heart2,was,good,6198,150189,English,How our language reflects/hides our true feelings?,To be considerate of the language they used.,
11,app,both,heart3,was,amazing,5314,155506,English,How our language reflects/hides our true feelings?,To be considerate of the language they used.,
12,solo,informative,heart2,was,good,6809,162317,English,How our language reflects/hides our true feelings?,To be considerate of the language they used.,