trial,item,goal,true_state,positivity,utterance,rt,time_elapsed,language,expt_aim,goal_thoughts,expt_general
1,dance,informative,heart3,wasn't,bad,56474,156625,English,Perceptions of politeness vs statement accuracy.,Leading others astray for self-sabotage to spite (saying something was great when it wasn't remotely great),No.
2,monologue,informative,heart2,wasn't,bad,63783,220415,English,Perceptions of politeness vs statement accuracy.,Leading others astray for self-sabotage to spite (saying something was great when it wasn't remotely great),No.
3,poem,informative,heart1,wasn't,terrible,74586,295002,English,Perceptions of politeness vs statement accuracy.,Leading others astray for self-sabotage to spite (saying something was great when it wasn't remotely great),No.
4,cake,both,heart0,wasn't,amazing,60501,355504,English,Perceptions of politeness vs statement accuracy.,Leading others astray for self-sabotage to spite (saying something was great when it wasn't remotely great),No.
5,movie,both,heart2,was,good,19627,375132,English,Perceptions of politeness vs statement accuracy.,Leading others astray for self-sabotage to spite (saying something was great when it wasn't remotely great),No.
6,app,informative,heart0,was,bad,18089,393222,English,Perceptions of politeness vs statement accuracy.,Leading others astray for self-sabotage to spite (saying something was great when it wasn't remotely great),No.
7,song,both,heart1,wasn't,bad,27069,420293,English,Perceptions of politeness vs statement accuracy.,Leading others astray for self-sabotage to spite (saying something was great when it wasn't remotely great),No.
8,presentation,social,heart2,was,amazing,24404,444698,English,Perceptions of politeness vs statement accuracy.,Leading others astray for self-sabotage to spite (saying something was great when it wasn't remotely great),No.
9,review,both,heart3,was,amazing,17009,461709,English,Perceptions of politeness vs statement accuracy.,Leading others astray for self-sabotage to spite (saying something was great when it wasn't remotely great),No.
10,recital,social,heart0,wasn't,terrible,32232,493941,English,Perceptions of politeness vs statement accuracy.,Leading others astray for self-sabotage to spite (saying something was great when it wasn't remotely great),No.
11,painting,social,heart1,was,good,28916,522858,English,Perceptions of politeness vs statement accuracy.,Leading others astray for self-sabotage to spite (saying something was great when it wasn't remotely great),No.
12,solo,social,heart3,was,good,26406,549266,English,Perceptions of politeness vs statement accuracy.,Leading others astray for self-sabotage to spite (saying something was great when it wasn't remotely great),No.