trial,item,goal,true_state,positivity,utterance,rt,time_elapsed,language,expt_aim,goal_thoughts,expt_general
1,solo,informative,heart0,was,good,36329,50230,English,How people give real or fake compliments,not sure,no
2,poem,social,heart2,was,good,21866,72110,English,How people give real or fake compliments,not sure,no
3,app,both,heart3,was,good,9580,81697,English,How people give real or fake compliments,not sure,no
4,dance,social,heart1,was,amazing,18676,100381,English,How people give real or fake compliments,not sure,no
5,review,both,heart2,was,amazing,13873,114262,English,How people give real or fake compliments,not sure,no
6,cake,both,heart0,was,amazing,10468,124737,English,How people give real or fake compliments,not sure,no
7,monologue,informative,heart1,was,good,15270,140018,English,How people give real or fake compliments,not sure,no
8,presentation,social,heart0,was,amazing,15110,155135,English,How people give real or fake compliments,not sure,no
9,movie,social,heart3,was,amazing,18875,174018,English,How people give real or fake compliments,not sure,no
10,song,both,heart1,was,amazing,12639,186664,English,How people give real or fake compliments,not sure,no
11,painting,informative,heart2,was,good,24936,211606,English,How people give real or fake compliments,not sure,no
12,recital,informative,heart3,was,good,8513,220126,English,How people give real or fake compliments,not sure,no