trial,item,goal,true_state,positivity,utterance,rt,time_elapsed,language,expt_aim,goal_thoughts,expt_general
1,presentation,both,heart1,was,bad,82426,130292,English,To predict what people say,Innovative,None
2,app,social,heart3,was,amazing,18250,148568,English,To predict what people say,Innovative,None
3,cake,social,heart1,wasn't,amazing,37314,185888,English,To predict what people say,Innovative,None
4,poem,both,heart3,was,amazing,8064,193959,English,To predict what people say,Innovative,None
5,painting,both,heart0,was,terrible,22532,216497,English,To predict what people say,Innovative,None
6,song,social,heart2,wasn't,amazing,10021,226527,English,To predict what people say,Innovative,None
7,movie,informative,heart3,was,amazing,7712,234249,English,To predict what people say,Innovative,None
8,dance,informative,heart0,was,terrible,9722,243977,English,To predict what people say,Innovative,None
9,review,both,heart2,wasn't,amazing,6005,249985,English,To predict what people say,Innovative,None
10,solo,informative,heart1,was,bad,5723,255713,English,To predict what people say,Innovative,None
11,monologue,informative,heart2,wasn't,amazing,7667,263383,English,To predict what people say,Innovative,None
12,recital,social,heart0,was,terrible,6743,270132,English,To predict what people say,Innovative,None