trial,item,goal,true_state,positivity,utterance,rt,time_elapsed,language,expt_aim,goal_thoughts,expt_general
1,recital,informative,heart1,was,good,79687,176498,bengali,to understand how dog walkers enjoy walking the nature and at the same time prtect birds on the beachg,i think the researchers is trying to learn how to encourage dog walkers to proteck wildlife,just a unique experiment , so out of the box. my dog always chase birds as i live in a country side and there are lot of wild bids here 
2,poem,both,heart0,wasn't,good,130968,307470,bengali,to understand how dog walkers enjoy walking the nature and at the same time prtect birds on the beachg,i think the researchers is trying to learn how to encourage dog walkers to proteck wildlife,just a unique experiment , so out of the box. my dog always chase birds as i live in a country side and there are lot of wild bids here 
3,review,social,heart2,was,good,22525,329998,bengali,to understand how dog walkers enjoy walking the nature and at the same time prtect birds on the beachg,i think the researchers is trying to learn how to encourage dog walkers to proteck wildlife,just a unique experiment , so out of the box. my dog always chase birds as i live in a country side and there are lot of wild bids here 
4,cake,informative,heart0,wasn't,good,24747,354747,bengali,to understand how dog walkers enjoy walking the nature and at the same time prtect birds on the beachg,i think the researchers is trying to learn how to encourage dog walkers to proteck wildlife,just a unique experiment , so out of the box. my dog always chase birds as i live in a country side and there are lot of wild bids here 
5,song,informative,heart2,was,good,29757,384505,bengali,to understand how dog walkers enjoy walking the nature and at the same time prtect birds on the beachg,i think the researchers is trying to learn how to encourage dog walkers to proteck wildlife,just a unique experiment , so out of the box. my dog always chase birds as i live in a country side and there are lot of wild bids here 
6,presentation,both,heart3,was,amazing,14762,399269,bengali,to understand how dog walkers enjoy walking the nature and at the same time prtect birds on the beachg,i think the researchers is trying to learn how to encourage dog walkers to proteck wildlife,just a unique experiment , so out of the box. my dog always chase birds as i live in a country side and there are lot of wild bids here 
7,monologue,both,heart1,was,good,15996,415267,bengali,to understand how dog walkers enjoy walking the nature and at the same time prtect birds on the beachg,i think the researchers is trying to learn how to encourage dog walkers to proteck wildlife,just a unique experiment , so out of the box. my dog always chase birds as i live in a country side and there are lot of wild bids here 
8,painting,informative,heart3,was,amazing,15919,431189,bengali,to understand how dog walkers enjoy walking the nature and at the same time prtect birds on the beachg,i think the researchers is trying to learn how to encourage dog walkers to proteck wildlife,just a unique experiment , so out of the box. my dog always chase birds as i live in a country side and there are lot of wild bids here 
9,dance,social,heart0,wasn't,terrible,25232,456422,bengali,to understand how dog walkers enjoy walking the nature and at the same time prtect birds on the beachg,i think the researchers is trying to learn how to encourage dog walkers to proteck wildlife,just a unique experiment , so out of the box. my dog always chase birds as i live in a country side and there are lot of wild bids here 
10,movie,social,heart3,was,amazing,16233,472658,bengali,to understand how dog walkers enjoy walking the nature and at the same time prtect birds on the beachg,i think the researchers is trying to learn how to encourage dog walkers to proteck wildlife,just a unique experiment , so out of the box. my dog always chase birds as i live in a country side and there are lot of wild bids here 
11,app,both,heart2,was,good,18425,491086,bengali,to understand how dog walkers enjoy walking the nature and at the same time prtect birds on the beachg,i think the researchers is trying to learn how to encourage dog walkers to proteck wildlife,just a unique experiment , so out of the box. my dog always chase birds as i live in a country side and there are lot of wild bids here 
12,solo,social,heart1,was,good,21851,512939,bengali,to understand how dog walkers enjoy walking the nature and at the same time prtect birds on the beachg,i think the researchers is trying to learn how to encourage dog walkers to proteck wildlife,just a unique experiment , so out of the box. my dog always chase birds as i live in a country side and there are lot of wild bids here 