trial,item,goal,true_state,positivity,utterance,rt,time_elapsed,language,expt_aim,goal_thoughts,expt_general
1,review,informative,heart0,wasn't,terrible,76958,89671,english,I don't know.,I don't know.,no
2,movie,both,heart2,was,good,42396,132077,english,I don't know.,I don't know.,no
3,song,informative,heart1,wasn't,bad,23871,155951,english,I don't know.,I don't know.,no
4,painting,social,heart3,was,amazing,8826,164778,english,I don't know.,I don't know.,no
5,presentation,informative,heart2,wasn't,bad,58403,223183,english,I don't know.,I don't know.,no
6,app,both,heart0,wasn't,terrible,18957,242142,english,I don't know.,I don't know.,no
7,solo,informative,heart3,was,good,16110,258254,english,I don't know.,I don't know.,no
8,cake,both,heart1,wasn't,bad,10769,269025,english,I don't know.,I don't know.,no
9,recital,social,heart2,was,good,10783,279810,english,I don't know.,I don't know.,no
10,dance,social,heart0,wasn't,terrible,20061,299872,english,I don't know.,I don't know.,no
11,poem,both,heart3,was,amazing,51137,351010,english,I don't know.,I don't know.,no
12,monologue,social,heart1,was,good,6882,357894,english,I don't know.,I don't know.,no