trial,item,goal,true_state,positivity,utterance,rt,time_elapsed,language,expt_aim,goal_thoughts,expt_general
1,poem,social,heart1,wasn't,terrible,75895,120457,English,How people critique things and/or say words in response to things that people who are close to them have done.  ,No,No
2,app,informative,heart0,was,bad,98538,219002,English,How people critique things and/or say words in response to things that people who are close to them have done.  ,No,No
3,cake,informative,heart2,wasn't,good,39975,258979,English,How people critique things and/or say words in response to things that people who are close to them have done.  ,No,No
4,presentation,social,heart3,wasn't,bad,64120,323101,English,How people critique things and/or say words in response to things that people who are close to them have done.  ,No,No
5,song,both,heart1,wasn't,terrible,91754,414856,English,How people critique things and/or say words in response to things that people who are close to them have done.  ,No,No
6,dance,both,heart3,was,amazing,18950,433808,English,How people critique things and/or say words in response to things that people who are close to them have done.  ,No,No
7,movie,social,heart0,wasn't,terrible,63244,497054,English,How people critique things and/or say words in response to things that people who are close to them have done.  ,No,No
8,solo,both,heart2,was,good,29699,526756,English,How people critique things and/or say words in response to things that people who are close to them have done.  ,No,No
9,painting,informative,heart3,wasn't,amazing,96746,623505,English,How people critique things and/or say words in response to things that people who are close to them have done.  ,No,No
10,monologue,informative,heart1,was,bad,111518,735025,English,How people critique things and/or say words in response to things that people who are close to them have done.  ,No,No
11,review,both,heart0,wasn't,terrible,31805,766832,English,How people critique things and/or say words in response to things that people who are close to them have done.  ,No,No
12,recital,social,heart2,was,good,53095,819930,English,How people critique things and/or say words in response to things that people who are close to them have done.  ,No,No