trial,item,goal,true_state,positivity,utterance,rt,time_elapsed,language,expt_aim,goal_thoughts,expt_general
1,presentation,informative,heart1,was,bad,116926,123276,English ,the experiment was about how people sometimes say things differently from how they feel to avoid hurting someone's feelings . ,yes, to avoid conflict. ,no
2,song,both,heart2,was,amazing,29858,153154,English ,the experiment was about how people sometimes say things differently from how they feel to avoid hurting someone's feelings . ,yes, to avoid conflict. ,no
3,movie,informative,heart3,was,amazing,33117,186275,English ,the experiment was about how people sometimes say things differently from how they feel to avoid hurting someone's feelings . ,yes, to avoid conflict. ,no
4,solo,informative,heart2,was,good,58676,244954,English ,the experiment was about how people sometimes say things differently from how they feel to avoid hurting someone's feelings . ,yes, to avoid conflict. ,no
5,cake,both,heart3,was,amazing,10158,255114,English ,the experiment was about how people sometimes say things differently from how they feel to avoid hurting someone's feelings . ,yes, to avoid conflict. ,no
6,recital,social,heart1,was,good,20005,275122,English ,the experiment was about how people sometimes say things differently from how they feel to avoid hurting someone's feelings . ,yes, to avoid conflict. ,no
7,painting,informative,heart0,was,terrible,10206,285330,English ,the experiment was about how people sometimes say things differently from how they feel to avoid hurting someone's feelings . ,yes, to avoid conflict. ,no
8,poem,both,heart1,was,good,48918,334250,English ,the experiment was about how people sometimes say things differently from how they feel to avoid hurting someone's feelings . ,yes, to avoid conflict. ,no
9,app,social,heart0,was,good,13823,348075,English ,the experiment was about how people sometimes say things differently from how they feel to avoid hurting someone's feelings . ,yes, to avoid conflict. ,no
10,monologue,social,heart3,was,amazing,7221,355298,English ,the experiment was about how people sometimes say things differently from how they feel to avoid hurting someone's feelings . ,yes, to avoid conflict. ,no
11,review,both,heart0,was,good,44677,399979,English ,the experiment was about how people sometimes say things differently from how they feel to avoid hurting someone's feelings . ,yes, to avoid conflict. ,no
12,dance,social,heart2,was,good,9182,409163,English ,the experiment was about how people sometimes say things differently from how they feel to avoid hurting someone's feelings . ,yes, to avoid conflict. ,no