trial,item,goal,true_state,positivity,utterance,rt,time_elapsed,language,expt_aim,goal_thoughts,expt_general
1,cake,social,heart1,was,good,25437,41389,English,To see how smart people are,No,No
2,recital,informative,heart3,was,amazing,11072,52476,English,To see how smart people are,No,No
3,presentation,social,heart0,was,good,13228,65708,English,To see how smart people are,No,No
4,solo,social,heart2,was,good,11699,77412,English,To see how smart people are,No,No
5,poem,social,heart3,was,amazing,13156,90571,English,To see how smart people are,No,No
6,movie,informative,heart0,wasn't,good,8716,99292,English,To see how smart people are,No,No
7,monologue,informative,heart1,wasn't,good,8452,107748,English,To see how smart people are,No,No
8,dance,both,heart2,was,good,6732,114484,English,To see how smart people are,No,No
9,app,both,heart1,wasn't,bad,6603,121092,English,To see how smart people are,No,No
10,song,informative,heart2,wasn't,bad,7531,128627,English,To see how smart people are,No,No
11,review,both,heart3,was,amazing,4747,133378,English,To see how smart people are,No,No
12,painting,both,heart0,wasn't,bad,15104,148483,English,To see how smart people are,No,No