trial,item,goal,true_state,positivity,utterance,rt,time_elapsed,language,expt_aim,goal_thoughts,expt_general
1,poem,both,heart3,was,amazing,28216,105910,English,How people use language to adapt the truth,Self-centered goals,
2,cake,social,heart0,was,good,27040,132963,English,How people use language to adapt the truth,Self-centered goals,
3,review,both,heart2,was,good,23164,156129,English,How people use language to adapt the truth,Self-centered goals,
4,dance,informative,heart1,wasn't,terrible,19634,175765,English,How people use language to adapt the truth,Self-centered goals,
5,painting,both,heart0,wasn't,terrible,34602,210369,English,How people use language to adapt the truth,Self-centered goals,
6,solo,informative,heart2,wasn't,bad,28041,238413,English,How people use language to adapt the truth,Self-centered goals,
7,monologue,social,heart3,was,good,19774,258189,English,How people use language to adapt the truth,Self-centered goals,
8,presentation,both,heart1,wasn't,bad,40524,298715,English,How people use language to adapt the truth,Self-centered goals,
9,recital,social,heart2,was,good,18638,317355,English,How people use language to adapt the truth,Self-centered goals,
10,movie,informative,heart0,was,terrible,17537,334897,English,How people use language to adapt the truth,Self-centered goals,
11,song,informative,heart3,was,good,16472,351371,English,How people use language to adapt the truth,Self-centered goals,
12,app,social,heart1,was,amazing,14680,366053,English,How people use language to adapt the truth,Self-centered goals,