trial,item,goal,true_state,positivity,utterance,rt,time_elapsed,language,expt_aim,goal_thoughts,expt_general
1,solo,social,heart1,wasn't,bad,44634,74544,English,Finding the nuance in the language ,no,no
2,app,social,heart0,wasn't,terrible,23846,98396,English,Finding the nuance in the language ,no,no
3,song,both,heart1,was,good,29212,127613,English,Finding the nuance in the language ,no,no
4,poem,social,heart2,was,good,13631,141247,English,Finding the nuance in the language ,no,no
5,painting,both,heart3,was,amazing,9750,151000,English,Finding the nuance in the language ,no,no
6,cake,both,heart0,wasn't,bad,12748,163751,English,Finding the nuance in the language ,no,no
7,movie,informative,heart2,was,good,28729,192485,English,Finding the nuance in the language ,no,no
8,presentation,informative,heart3,wasn't,bad,20317,212805,English,Finding the nuance in the language ,no,no
9,monologue,informative,heart1,wasn't,good,30766,243575,English,Finding the nuance in the language ,no,no
10,recital,both,heart2,was,good,9280,252859,English,Finding the nuance in the language ,no,no
11,dance,informative,heart0,was,bad,25413,278275,English,Finding the nuance in the language ,no,no
12,review,social,heart3,was,good,10436,288712,English,Finding the nuance in the language ,no,no