trial,item,goal,true_state,positivity,utterance,rt,time_elapsed,language,expt_aim,goal_thoughts,expt_general
1,app,informative,heart0,was,terrible,38299,67082,english,to see how we would describe things,no,no
2,poem,both,heart3,was,good,25135,92221,english,to see how we would describe things,no,no
3,review,informative,heart2,wasn't,amazing,41617,133839,english,to see how we would describe things,no,no
4,cake,social,heart3,was,good,26106,159946,english,to see how we would describe things,no,no
5,solo,both,heart2,was,good,15050,174998,english,to see how we would describe things,no,no
6,recital,informative,heart3,was,good,32002,207111,english,to see how we would describe things,no,no
7,monologue,both,heart0,was,bad,19625,226739,english,to see how we would describe things,no,no
8,dance,social,heart1,wasn't,good,27922,254666,english,to see how we would describe things,no,no
9,presentation,social,heart2,wasn't,bad,36146,290815,english,to see how we would describe things,no,no
10,song,informative,heart1,was,bad,11074,301892,english,to see how we would describe things,no,no
11,painting,social,heart0,was,good,14646,316541,english,to see how we would describe things,no,no
12,movie,both,heart1,wasn't,good,18173,334717,english,to see how we would describe things,no,no