trial,item,goal,true_state,positivity,utterance,rt,time_elapsed,language,expt_aim,goal_thoughts,expt_general
1,recital,informative,heart2,wasn't,amazing,56548,123476,English,How to relate a feedback if considering peoples emotion or not,relaying informative and true feel about the situation,
2,poem,informative,heart1,wasn't,good,24393,147880,English,How to relate a feedback if considering peoples emotion or not,relaying informative and true feel about the situation,
3,song,social,heart0,wasn't,terrible,33904,181787,English,How to relate a feedback if considering peoples emotion or not,relaying informative and true feel about the situation,
4,dance,informative,heart3,wasn't,terrible,36583,218373,English,How to relate a feedback if considering peoples emotion or not,relaying informative and true feel about the situation,
5,movie,both,heart0,wasn't,terrible,34214,252588,English,How to relate a feedback if considering peoples emotion or not,relaying informative and true feel about the situation,
6,cake,both,heart3,was,amazing,20308,272898,English,How to relate a feedback if considering peoples emotion or not,relaying informative and true feel about the situation,
7,app,social,heart1,was,good,18511,291412,English,How to relate a feedback if considering peoples emotion or not,relaying informative and true feel about the situation,
8,presentation,social,heart2,was,good,24057,315471,English,How to relate a feedback if considering peoples emotion or not,relaying informative and true feel about the situation,
9,solo,social,heart3,was,amazing,20433,335908,English,How to relate a feedback if considering peoples emotion or not,relaying informative and true feel about the situation,
10,painting,informative,heart0,was,terrible,24360,360271,English,How to relate a feedback if considering peoples emotion or not,relaying informative and true feel about the situation,
11,review,both,heart1,wasn't,terrible,27785,388060,English,How to relate a feedback if considering peoples emotion or not,relaying informative and true feel about the situation,
12,monologue,both,heart2,was,good,22288,410350,English,How to relate a feedback if considering peoples emotion or not,relaying informative and true feel about the situation,