trial,item,goal,true_state,positivity,utterance,rt,time_elapsed,language,expt_aim,goal_thoughts,expt_general
1,dance,social,heart2,was,amazing,39773,75453,english,no idea,no,was great thanks
2,solo,social,heart1,wasn't,bad,34132,109604,english,no idea,no,was great thanks
3,cake,informative,heart3,was,amazing,35023,144644,english,no idea,no,was great thanks
4,movie,both,heart0,wasn't,bad,46483,191146,english,no idea,no,was great thanks
5,poem,informative,heart2,wasn't,bad,23471,214634,english,no idea,no,was great thanks
6,monologue,both,heart3,was,amazing,9980,224631,english,no idea,no,was great thanks
7,presentation,informative,heart0,was,bad,28388,253035,english,no idea,no,was great thanks
8,song,both,heart1,was,good,10342,263395,english,no idea,no,was great thanks
9,app,social,heart3,was,good,13802,277213,english,no idea,no,was great thanks
10,recital,both,heart2,was,amazing,10841,288071,english,no idea,no,was great thanks
11,painting,social,heart0,wasn't,bad,14249,302337,english,no idea,no,was great thanks
12,review,informative,heart1,wasn't,terrible,15151,317507,english,no idea,no,was great thanks