trial,item,goal,true_state,positivity,utterance,rt,time_elapsed,language,expt_aim,goal_thoughts,expt_general
1,solo,social,heart3,was,good,23713,88484,English,Gauging peoples reactions to honest or dishonest feedback,no,none
2,presentation,both,heart0,was,good,21125,109614,English,Gauging peoples reactions to honest or dishonest feedback,no,none
3,poem,social,heart2,was,good,15629,125247,English,Gauging peoples reactions to honest or dishonest feedback,no,none
4,song,both,heart1,wasn't,bad,10778,136031,English,Gauging peoples reactions to honest or dishonest feedback,no,none
5,movie,both,heart2,wasn't,bad,18128,154163,English,Gauging peoples reactions to honest or dishonest feedback,no,none
6,cake,social,heart0,was,good,19946,174113,English,Gauging peoples reactions to honest or dishonest feedback,no,none
7,monologue,both,heart3,was,amazing,24894,199012,English,Gauging peoples reactions to honest or dishonest feedback,no,none
8,dance,informative,heart1,wasn't,good,19846,218862,English,Gauging peoples reactions to honest or dishonest feedback,no,none
9,review,informative,heart0,wasn't,good,16964,235829,English,Gauging peoples reactions to honest or dishonest feedback,no,none
10,painting,social,heart1,was,good,19261,255095,English,Gauging peoples reactions to honest or dishonest feedback,no,none
11,app,informative,heart2,wasn't,good,16297,271396,English,Gauging peoples reactions to honest or dishonest feedback,no,none
12,recital,informative,heart3,was,good,13546,284944,English,Gauging peoples reactions to honest or dishonest feedback,no,none