trial,item,goal,true_state,positivity,utterance,rt,time_elapsed,language,expt_aim,goal_thoughts,expt_general
1,recital,informative,heart1,wasn't,amazing,48358,82307,English,Methods in communicating informative feedback in social settings through varying degrees of objectivity and subjectivity depending on context,No,None
2,presentation,informative,heart0,was,terrible,14827,97146,English,Methods in communicating informative feedback in social settings through varying degrees of objectivity and subjectivity depending on context,No,None
3,song,social,heart1,was,bad,20339,117489,English,Methods in communicating informative feedback in social settings through varying degrees of objectivity and subjectivity depending on context,No,None
4,dance,informative,heart2,was,good,13666,131159,English,Methods in communicating informative feedback in social settings through varying degrees of objectivity and subjectivity depending on context,No,None
5,solo,both,heart3,was,amazing,7205,138367,English,Methods in communicating informative feedback in social settings through varying degrees of objectivity and subjectivity depending on context,No,None
6,painting,social,heart0,was,terrible,9247,147618,English,Methods in communicating informative feedback in social settings through varying degrees of objectivity and subjectivity depending on context,No,None
7,monologue,informative,heart3,was,amazing,5473,153095,English,Methods in communicating informative feedback in social settings through varying degrees of objectivity and subjectivity depending on context,No,None
8,poem,both,heart2,was,good,5324,158422,English,Methods in communicating informative feedback in social settings through varying degrees of objectivity and subjectivity depending on context,No,None
9,movie,both,heart1,wasn't,terrible,27343,185769,English,Methods in communicating informative feedback in social settings through varying degrees of objectivity and subjectivity depending on context,No,None
10,cake,both,heart0,wasn't,bad,8893,194665,English,Methods in communicating informative feedback in social settings through varying degrees of objectivity and subjectivity depending on context,No,None
11,review,social,heart2,was,good,10665,205333,English,Methods in communicating informative feedback in social settings through varying degrees of objectivity and subjectivity depending on context,No,None
12,app,social,heart3,was,amazing,8000,213336,English,Methods in communicating informative feedback in social settings through varying degrees of objectivity and subjectivity depending on context,No,None