trial,item,goal,true_state,positivity,utterance,rt,time_elapsed,language,expt_aim,goal_thoughts,expt_general
1,presentation,both,heart1,wasn't,terrible,39098,94999,English,Predicting how people may respond to certain situations based on their feelings and desires.,No,
2,cake,both,heart3,was,amazing,22805,117839,English,Predicting how people may respond to certain situations based on their feelings and desires.,No,
3,poem,social,heart0,was,good,43997,161844,English,Predicting how people may respond to certain situations based on their feelings and desires.,No,
4,monologue,informative,heart1,wasn't,bad,41519,203375,English,Predicting how people may respond to certain situations based on their feelings and desires.,No,
5,app,informative,heart2,wasn't,bad,39952,243338,English,Predicting how people may respond to certain situations based on their feelings and desires.,No,
6,painting,informative,heart3,was,good,30827,274175,English,Predicting how people may respond to certain situations based on their feelings and desires.,No,
7,recital,social,heart2,was,amazing,23427,297605,English,Predicting how people may respond to certain situations based on their feelings and desires.,No,
8,movie,social,heart1,was,amazing,20853,318470,English,Predicting how people may respond to certain situations based on their feelings and desires.,No,
9,solo,both,heart0,wasn't,terrible,30036,348513,English,Predicting how people may respond to certain situations based on their feelings and desires.,No,
10,dance,both,heart2,was,good,15087,363607,English,Predicting how people may respond to certain situations based on their feelings and desires.,No,
11,song,social,heart3,was,good,23337,386955,English,Predicting how people may respond to certain situations based on their feelings and desires.,No,
12,review,informative,heart0,was,terrible,31395,418355,English,Predicting how people may respond to certain situations based on their feelings and desires.,No,