trial,item,goal,true_state,positivity,utterance,rt,time_elapsed,language,expt_aim,goal_thoughts,expt_general
1,presentation,informative,heart0,wasn't,terrible,62370,77474,English,not precisely sure,none that i am aware of,
2,solo,informative,heart1,wasn't,bad,21624,99106,English,not precisely sure,none that i am aware of,
3,cake,social,heart2,was,good,16716,115824,English,not precisely sure,none that i am aware of,
4,movie,both,heart3,was,amazing,6447,122273,English,not precisely sure,none that i am aware of,
5,painting,informative,heart2,was,good,14966,137240,English,not precisely sure,none that i am aware of,
6,recital,both,heart1,wasn't,bad,20912,158154,English,not precisely sure,none that i am aware of,
7,song,social,heart0,wasn't,terrible,14685,172841,English,not precisely sure,none that i am aware of,
8,dance,informative,heart3,was,amazing,27400,200244,English,not precisely sure,none that i am aware of,
9,review,both,heart2,was,good,16828,217073,English,not precisely sure,none that i am aware of,
10,monologue,both,heart0,wasn't,terrible,16483,233559,English,not precisely sure,none that i am aware of,
11,poem,social,heart1,was,good,15073,248633,English,not precisely sure,none that i am aware of,
12,app,social,heart3,was,amazing,23107,271742,English,not precisely sure,none that i am aware of,