trial,item,goal,true_state,positivity,utterance,rt,time_elapsed,language,expt_aim,goal_thoughts,expt_general
1,dance,both,heart3,was,amazing,37707,1174594,English, Peoples decision making,Im not sure what this is asking,No
2,recital,both,heart2,wasn't,terrible,24668,1199273,English, Peoples decision making,Im not sure what this is asking,No
3,monologue,informative,heart0,wasn't,terrible,19878,1219153,English, Peoples decision making,Im not sure what this is asking,No
4,presentation,informative,heart3,was,good,7854,1227010,English, Peoples decision making,Im not sure what this is asking,No
5,poem,social,heart1,was,good,21027,1248042,English, Peoples decision making,Im not sure what this is asking,No
6,app,social,heart3,was,good,5611,1253658,English, Peoples decision making,Im not sure what this is asking,No
7,review,social,heart0,was,terrible,2119253,3372916,English, Peoples decision making,Im not sure what this is asking,No
8,song,social,heart2,was,amazing,175069,3548004,English, Peoples decision making,Im not sure what this is asking,No
9,painting,both,heart1,was,amazing,5251,3553259,English, Peoples decision making,Im not sure what this is asking,No
10,movie,both,heart0,was,terrible,6403,3559667,English, Peoples decision making,Im not sure what this is asking,No
11,solo,informative,heart2,wasn't,bad,8929,3568611,English, Peoples decision making,Im not sure what this is asking,No
12,cake,informative,heart1,wasn't,terrible,6675,3575291,English, Peoples decision making,Im not sure what this is asking,No