trial,item,goal,true_state,positivity,utterance,rt,time_elapsed,language,expt_aim,goal_thoughts,expt_general
1,poem,informative,heart1,wasn't,terrible,41335,69938,English,Gauging how other perceive wording.,No,No
2,dance,social,heart2,was,good,13212,83154,English,Gauging how other perceive wording.,No,No
3,review,informative,heart3,was,amazing,12030,95187,English,Gauging how other perceive wording.,No,No
4,recital,informative,heart2,was,good,19147,114336,English,Gauging how other perceive wording.,No,No
5,monologue,social,heart0,wasn't,bad,15980,130318,English,Gauging how other perceive wording.,No,No
6,app,social,heart1,was,good,11048,141368,English,Gauging how other perceive wording.,No,No
7,presentation,social,heart3,was,amazing,6902,148270,English,Gauging how other perceive wording.,No,No
8,song,both,heart0,wasn't,terrible,23281,171554,English,Gauging how other perceive wording.,No,No
9,cake,both,heart2,was,good,7112,178669,English,Gauging how other perceive wording.,No,No
10,movie,informative,heart0,was,terrible,13064,191734,English,Gauging how other perceive wording.,No,No
11,painting,both,heart3,was,amazing,5366,197101,English,Gauging how other perceive wording.,No,No
12,solo,both,heart1,wasn't,bad,10283,207384,English,Gauging how other perceive wording.,No,No