trial,item,goal,true_state,positivity,utterance,rt,time_elapsed,language,expt_aim,goal_thoughts,expt_general
1,app,both,heart1,was,bad,64040,120115,English ,It seemed to explore how people interpret and respond to others’ opinions and emotional cues, especially when balancing honesty with kindness or politeness.,Possibly, some may have aimed to maintain relationships, avoid conflict, or manage social impressions.,N/A
2,painting,social,heart2,was,good,20813,140966,English ,It seemed to explore how people interpret and respond to others’ opinions and emotional cues, especially when balancing honesty with kindness or politeness.,Possibly, some may have aimed to maintain relationships, avoid conflict, or manage social impressions.,N/A
3,review,informative,heart0,was,terrible,22965,163937,English ,It seemed to explore how people interpret and respond to others’ opinions and emotional cues, especially when balancing honesty with kindness or politeness.,Possibly, some may have aimed to maintain relationships, avoid conflict, or manage social impressions.,N/A
4,recital,informative,heart1,was,bad,7730,171672,English ,It seemed to explore how people interpret and respond to others’ opinions and emotional cues, especially when balancing honesty with kindness or politeness.,Possibly, some may have aimed to maintain relationships, avoid conflict, or manage social impressions.,N/A
5,song,both,heart2,was,good,10770,182447,English ,It seemed to explore how people interpret and respond to others’ opinions and emotional cues, especially when balancing honesty with kindness or politeness.,Possibly, some may have aimed to maintain relationships, avoid conflict, or manage social impressions.,N/A
6,poem,social,heart1,was,bad,9491,191942,English ,It seemed to explore how people interpret and respond to others’ opinions and emotional cues, especially when balancing honesty with kindness or politeness.,Possibly, some may have aimed to maintain relationships, avoid conflict, or manage social impressions.,N/A
7,cake,both,heart3,was,amazing,8474,200420,English ,It seemed to explore how people interpret and respond to others’ opinions and emotional cues, especially when balancing honesty with kindness or politeness.,Possibly, some may have aimed to maintain relationships, avoid conflict, or manage social impressions.,N/A
8,presentation,both,heart0,was,terrible,6538,206963,English ,It seemed to explore how people interpret and respond to others’ opinions and emotional cues, especially when balancing honesty with kindness or politeness.,Possibly, some may have aimed to maintain relationships, avoid conflict, or manage social impressions.,N/A
9,dance,informative,heart2,was,good,11532,218499,English ,It seemed to explore how people interpret and respond to others’ opinions and emotional cues, especially when balancing honesty with kindness or politeness.,Possibly, some may have aimed to maintain relationships, avoid conflict, or manage social impressions.,N/A
10,solo,social,heart3,was,amazing,10708,229212,English ,It seemed to explore how people interpret and respond to others’ opinions and emotional cues, especially when balancing honesty with kindness or politeness.,Possibly, some may have aimed to maintain relationships, avoid conflict, or manage social impressions.,N/A
11,monologue,social,heart0,wasn't,good,14088,243304,English ,It seemed to explore how people interpret and respond to others’ opinions and emotional cues, especially when balancing honesty with kindness or politeness.,Possibly, some may have aimed to maintain relationships, avoid conflict, or manage social impressions.,N/A
12,movie,informative,heart3,was,amazing,7065,250373,English ,It seemed to explore how people interpret and respond to others’ opinions and emotional cues, especially when balancing honesty with kindness or politeness.,Possibly, some may have aimed to maintain relationships, avoid conflict, or manage social impressions.,N/A