trial,item,goal,true_state,positivity,utterance,rt,time_elapsed,language,expt_aim,goal_thoughts,expt_general
1,movie,both,heart0,wasn't,terrible,48797,194020,ENGLISH,Judging peoples perceptions,I don't Know,None
2,monologue,both,heart2,was,good,49452,243491,ENGLISH,Judging peoples perceptions,I don't Know,None
3,painting,social,heart3,was,amazing,25659,269155,ENGLISH,Judging peoples perceptions,I don't Know,None
4,app,social,heart1,wasn't,bad,25348,294507,ENGLISH,Judging peoples perceptions,I don't Know,None
5,dance,informative,heart0,was,bad,56020,350531,ENGLISH,Judging peoples perceptions,I don't Know,None
6,presentation,informative,heart1,wasn't,bad,6739,357275,ENGLISH,Judging peoples perceptions,I don't Know,None
7,recital,social,heart2,was,good,4459,361739,ENGLISH,Judging peoples perceptions,I don't Know,None
8,solo,both,heart3,was,amazing,5964,367707,ENGLISH,Judging peoples perceptions,I don't Know,None
9,review,informative,heart2,was,good,6004,373715,ENGLISH,Judging peoples perceptions,I don't Know,None
10,cake,social,heart0,was,bad,6228,379947,ENGLISH,Judging peoples perceptions,I don't Know,None
11,song,both,heart1,wasn't,bad,44164,424115,ENGLISH,Judging peoples perceptions,I don't Know,None
12,poem,informative,heart3,was,amazing,4508,428627,ENGLISH,Judging peoples perceptions,I don't Know,None