trial,item,goal,true_state,positivity,utterance,rt,time_elapsed,language,expt_aim,goal_thoughts,expt_general
1,song,social,heart1,was,amazing,35773,146064,English,Hedging, how we generate prosocial behavior by modulating our responses based on different personal subject and societal norms,Figures in authority and rank in even the smallest social groups have a lot of weight and standing in society, even in the most inconsequential and mundane positions. Words echo. ,LOL, yeah, I wish we had been given more choices :0) Have a nice day!
2,poem,social,heart0,was,good,24430,170498,English,Hedging, how we generate prosocial behavior by modulating our responses based on different personal subject and societal norms,Figures in authority and rank in even the smallest social groups have a lot of weight and standing in society, even in the most inconsequential and mundane positions. Words echo. ,LOL, yeah, I wish we had been given more choices :0) Have a nice day!
3,app,informative,heart1,was,good,64240,234741,English,Hedging, how we generate prosocial behavior by modulating our responses based on different personal subject and societal norms,Figures in authority and rank in even the smallest social groups have a lot of weight and standing in society, even in the most inconsequential and mundane positions. Words echo. ,LOL, yeah, I wish we had been given more choices :0) Have a nice day!
4,movie,informative,heart0,wasn't,bad,78974,313718,English,Hedging, how we generate prosocial behavior by modulating our responses based on different personal subject and societal norms,Figures in authority and rank in even the smallest social groups have a lot of weight and standing in society, even in the most inconsequential and mundane positions. Words echo. ,LOL, yeah, I wish we had been given more choices :0) Have a nice day!
5,painting,informative,heart2,was,good,24134,337854,English,Hedging, how we generate prosocial behavior by modulating our responses based on different personal subject and societal norms,Figures in authority and rank in even the smallest social groups have a lot of weight and standing in society, even in the most inconsequential and mundane positions. Words echo. ,LOL, yeah, I wish we had been given more choices :0) Have a nice day!
6,recital,both,heart3,was,amazing,18163,356019,English,Hedging, how we generate prosocial behavior by modulating our responses based on different personal subject and societal norms,Figures in authority and rank in even the smallest social groups have a lot of weight and standing in society, even in the most inconsequential and mundane positions. Words echo. ,LOL, yeah, I wish we had been given more choices :0) Have a nice day!
7,cake,both,heart1,wasn't,bad,16570,372591,English,Hedging, how we generate prosocial behavior by modulating our responses based on different personal subject and societal norms,Figures in authority and rank in even the smallest social groups have a lot of weight and standing in society, even in the most inconsequential and mundane positions. Words echo. ,LOL, yeah, I wish we had been given more choices :0) Have a nice day!
8,dance,social,heart3,wasn't,bad,12584,385178,English,Hedging, how we generate prosocial behavior by modulating our responses based on different personal subject and societal norms,Figures in authority and rank in even the smallest social groups have a lot of weight and standing in society, even in the most inconsequential and mundane positions. Words echo. ,LOL, yeah, I wish we had been given more choices :0) Have a nice day!
9,monologue,both,heart0,wasn't,bad,18493,403673,English,Hedging, how we generate prosocial behavior by modulating our responses based on different personal subject and societal norms,Figures in authority and rank in even the smallest social groups have a lot of weight and standing in society, even in the most inconsequential and mundane positions. Words echo. ,LOL, yeah, I wish we had been given more choices :0) Have a nice day!
10,presentation,both,heart2,was,good,57194,460869,English,Hedging, how we generate prosocial behavior by modulating our responses based on different personal subject and societal norms,Figures in authority and rank in even the smallest social groups have a lot of weight and standing in society, even in the most inconsequential and mundane positions. Words echo. ,LOL, yeah, I wish we had been given more choices :0) Have a nice day!
11,solo,informative,heart3,was,good,16930,477802,English,Hedging, how we generate prosocial behavior by modulating our responses based on different personal subject and societal norms,Figures in authority and rank in even the smallest social groups have a lot of weight and standing in society, even in the most inconsequential and mundane positions. Words echo. ,LOL, yeah, I wish we had been given more choices :0) Have a nice day!
12,review,social,heart2,was,amazing,21600,499404,English,Hedging, how we generate prosocial behavior by modulating our responses based on different personal subject and societal norms,Figures in authority and rank in even the smallest social groups have a lot of weight and standing in society, even in the most inconsequential and mundane positions. Words echo. ,LOL, yeah, I wish we had been given more choices :0) Have a nice day!