trial,item,goal,true_state,positivity,utterance,rt,time_elapsed,language,expt_aim,goal_thoughts,expt_general
1,review,social,heart0,wasn't,good,38771,76444,English,How was/wasn't can be used with the same words but in different ways. Nuance?,Couldn't tell,nothing
2,painting,social,heart2,was,good,23273,99724,English,How was/wasn't can be used with the same words but in different ways. Nuance?,Couldn't tell,nothing
3,song,informative,heart0,was,terrible,34978,134703,English,How was/wasn't can be used with the same words but in different ways. Nuance?,Couldn't tell,nothing
4,poem,informative,heart3,was,good,26549,161253,English,How was/wasn't can be used with the same words but in different ways. Nuance?,Couldn't tell,nothing
5,dance,informative,heart1,wasn't,terrible,23723,184977,English,How was/wasn't can be used with the same words but in different ways. Nuance?,Couldn't tell,nothing
6,monologue,social,heart3,was,amazing,30366,215344,English,How was/wasn't can be used with the same words but in different ways. Nuance?,Couldn't tell,nothing
7,solo,social,heart1,wasn't,bad,19540,234886,English,How was/wasn't can be used with the same words but in different ways. Nuance?,Couldn't tell,nothing
8,movie,both,heart3,was,amazing,12123,247010,English,How was/wasn't can be used with the same words but in different ways. Nuance?,Couldn't tell,nothing
9,cake,both,heart1,wasn't,bad,15664,262676,English,How was/wasn't can be used with the same words but in different ways. Nuance?,Couldn't tell,nothing
10,presentation,informative,heart2,wasn't,bad,22210,284887,English,How was/wasn't can be used with the same words but in different ways. Nuance?,Couldn't tell,nothing
11,app,both,heart0,wasn't,terrible,22190,307079,English,How was/wasn't can be used with the same words but in different ways. Nuance?,Couldn't tell,nothing
12,recital,both,heart2,was,good,8684,315765,English,How was/wasn't can be used with the same words but in different ways. Nuance?,Couldn't tell,nothing