trial,item,goal,true_state,positivity,utterance,rt,time_elapsed,language,expt_aim,goal_thoughts,expt_general
1,app,social,heart1,was,good,80961,144743,English,How to give people constructive feedback.,To not hurt feelings,no
2,presentation,informative,heart0,was,bad,48674,193422,English,How to give people constructive feedback.,To not hurt feelings,no
3,poem,social,heart3,wasn't,bad,17731,211155,English,How to give people constructive feedback.,To not hurt feelings,no
4,solo,social,heart2,wasn't,bad,20097,231254,English,How to give people constructive feedback.,To not hurt feelings,no
5,cake,both,heart3,was,amazing,13275,244530,English,How to give people constructive feedback.,To not hurt feelings,no
6,dance,both,heart0,wasn't,terrible,22669,267201,English,How to give people constructive feedback.,To not hurt feelings,no
7,painting,informative,heart2,was,good,8945,276147,English,How to give people constructive feedback.,To not hurt feelings,no
8,movie,informative,heart3,wasn't,bad,9511,285659,English,How to give people constructive feedback.,To not hurt feelings,no
9,song,both,heart1,wasn't,terrible,10525,296186,English,How to give people constructive feedback.,To not hurt feelings,no
10,review,both,heart2,was,good,8183,304370,English,How to give people constructive feedback.,To not hurt feelings,no
11,recital,social,heart0,wasn't,terrible,14211,318582,English,How to give people constructive feedback.,To not hurt feelings,no
12,monologue,informative,heart1,wasn't,terrible,9611,328194,English,How to give people constructive feedback.,To not hurt feelings,no