trial,item,goal,true_state,positivity,utterance,rt,time_elapsed,language,expt_aim,goal_thoughts,expt_general
1,dance,social,heart3,wasn't,bad,66039,248602,ENGLISH,HOW PEOPLE WORD POSITIVE AND NEGATIVE FEEDBACK,JUST TO GIVE FEEDBACK,NO
2,poem,informative,heart2,wasn't,terrible,43052,291666,ENGLISH,HOW PEOPLE WORD POSITIVE AND NEGATIVE FEEDBACK,JUST TO GIVE FEEDBACK,NO
3,app,both,heart1,wasn't,bad,73782,365450,ENGLISH,HOW PEOPLE WORD POSITIVE AND NEGATIVE FEEDBACK,JUST TO GIVE FEEDBACK,NO
4,painting,social,heart2,was,good,41486,406941,ENGLISH,HOW PEOPLE WORD POSITIVE AND NEGATIVE FEEDBACK,JUST TO GIVE FEEDBACK,NO
5,cake,informative,heart3,wasn't,bad,14310,421253,ENGLISH,HOW PEOPLE WORD POSITIVE AND NEGATIVE FEEDBACK,JUST TO GIVE FEEDBACK,NO
6,presentation,informative,heart0,was,terrible,48510,469768,ENGLISH,HOW PEOPLE WORD POSITIVE AND NEGATIVE FEEDBACK,JUST TO GIVE FEEDBACK,NO
7,review,both,heart2,was,good,26318,496088,ENGLISH,HOW PEOPLE WORD POSITIVE AND NEGATIVE FEEDBACK,JUST TO GIVE FEEDBACK,NO
8,song,informative,heart1,was,bad,31094,527187,ENGLISH,HOW PEOPLE WORD POSITIVE AND NEGATIVE FEEDBACK,JUST TO GIVE FEEDBACK,NO
9,monologue,both,heart0,wasn't,terrible,45654,572843,ENGLISH,HOW PEOPLE WORD POSITIVE AND NEGATIVE FEEDBACK,JUST TO GIVE FEEDBACK,NO
10,movie,both,heart3,was,amazing,15183,588030,ENGLISH,HOW PEOPLE WORD POSITIVE AND NEGATIVE FEEDBACK,JUST TO GIVE FEEDBACK,NO
11,recital,social,heart1,was,good,30911,618942,ENGLISH,HOW PEOPLE WORD POSITIVE AND NEGATIVE FEEDBACK,JUST TO GIVE FEEDBACK,NO
12,solo,social,heart0,wasn't,amazing,12398,631341,ENGLISH,HOW PEOPLE WORD POSITIVE AND NEGATIVE FEEDBACK,JUST TO GIVE FEEDBACK,NO