trial,item,goal,true_state,positivity,utterance,rt,time_elapsed,language,expt_aim,goal_thoughts,expt_general
1,solo,social,heart1,wasn't,bad,65114,122997,english,response,yes, feelings,good study
2,song,both,heart2,was,good,11442,134451,english,response,yes, feelings,good study
3,app,social,heart0,wasn't,terrible,22844,157299,english,response,yes, feelings,good study
4,movie,social,heart3,was,amazing,4496,161797,english,response,yes, feelings,good study
5,presentation,informative,heart0,wasn't,terrible,16220,178021,english,response,yes, feelings,good study
6,cake,informative,heart1,wasn't,bad,5130,183154,english,response,yes, feelings,good study
7,painting,both,heart0,wasn't,terrible,6615,189771,english,response,yes, feelings,good study
8,poem,informative,heart2,was,good,4554,194327,english,response,yes, feelings,good study
9,monologue,both,heart1,wasn't,bad,6049,200379,english,response,yes, feelings,good study
10,dance,informative,heart3,was,amazing,4577,204960,english,response,yes, feelings,good study
11,review,social,heart2,was,good,8946,213909,english,response,yes, feelings,good study
12,recital,both,heart3,was,amazing,10253,224164,english,response,yes, feelings,good study