trial,item,goal,true_state,positivity,utterance,rt,time_elapsed,language,expt_aim,goal_thoughts,expt_general
1,monologue,social,heart2,was,good,26831,55790,English,Seeing the difference between telling someone how they feel but also trying to spare feelings,I don't know,No
2,movie,both,heart0,wasn't,terrible,38393,94188,English,Seeing the difference between telling someone how they feel but also trying to spare feelings,I don't know,No
3,painting,informative,heart1,wasn't,good,75481,169670,English,Seeing the difference between telling someone how they feel but also trying to spare feelings,I don't know,No
4,dance,social,heart0,was,good,63266,232937,English,Seeing the difference between telling someone how they feel but also trying to spare feelings,I don't know,No
5,review,both,heart1,wasn't,bad,67598,300537,English,Seeing the difference between telling someone how they feel but also trying to spare feelings,I don't know,No
6,recital,informative,heart2,was,good,69464,370004,English,Seeing the difference between telling someone how they feel but also trying to spare feelings,I don't know,No
7,song,social,heart3,was,amazing,185869,555873,English,Seeing the difference between telling someone how they feel but also trying to spare feelings,I don't know,No
8,presentation,social,heart1,wasn't,bad,14293,570170,English,Seeing the difference between telling someone how they feel but also trying to spare feelings,I don't know,No
9,cake,both,heart2,was,good,16429,586602,English,Seeing the difference between telling someone how they feel but also trying to spare feelings,I don't know,No
10,app,both,heart3,was,amazing,7004,593607,English,Seeing the difference between telling someone how they feel but also trying to spare feelings,I don't know,No
11,poem,informative,heart0,wasn't,terrible,6193,599803,English,Seeing the difference between telling someone how they feel but also trying to spare feelings,I don't know,No
12,solo,informative,heart3,was,good,7264,607069,English,Seeing the difference between telling someone how they feel but also trying to spare feelings,I don't know,No