trial,item,goal,true_state,positivity,utterance,rt,time_elapsed,language,expt_aim,goal_thoughts,expt_general
1,solo,informative,heart1,was,bad,29364,70281,english,how experts give feedback to friends,maybe,the experiment changes one's perspective
2,recital,social,heart2,was,good,19324,89616,english,how experts give feedback to friends,maybe,the experiment changes one's perspective
3,cake,informative,heart3,was,amazing,6941,96561,english,how experts give feedback to friends,maybe,the experiment changes one's perspective
4,dance,both,heart2,was,good,5094,101657,english,how experts give feedback to friends,maybe,the experiment changes one's perspective
5,presentation,both,heart3,was,good,4341,106001,english,how experts give feedback to friends,maybe,the experiment changes one's perspective
6,song,informative,heart2,was,good,4720,110723,english,how experts give feedback to friends,maybe,the experiment changes one's perspective
7,review,both,heart1,was,bad,4720,115445,english,how experts give feedback to friends,maybe,the experiment changes one's perspective
8,monologue,both,heart0,was,terrible,18844,134292,english,how experts give feedback to friends,maybe,the experiment changes one's perspective
9,painting,social,heart3,was,amazing,9858,144152,english,how experts give feedback to friends,maybe,the experiment changes one's perspective
10,poem,informative,heart0,was,terrible,9872,154027,english,how experts give feedback to friends,maybe,the experiment changes one's perspective
11,app,social,heart1,was,bad,3847,157876,english,how experts give feedback to friends,maybe,the experiment changes one's perspective
12,movie,social,heart0,wasn't,terrible,28302,186181,english,how experts give feedback to friends,maybe,the experiment changes one's perspective