trial,item,goal,true_state,positivity,utterance,rt,time_elapsed,language,expt_aim,goal_thoughts,expt_general
1,monologue,both,heart3,was,amazing,92839,219557,English,Monologue conversation rating,Not sure ,It was a very interesting survey
2,dance,both,heart0,wasn't,good,41446,261021,English,Monologue conversation rating,Not sure ,It was a very interesting survey
3,poem,social,heart1,wasn't,bad,21488,282513,English,Monologue conversation rating,Not sure ,It was a very interesting survey
4,song,both,heart2,was,good,17818,300335,English,Monologue conversation rating,Not sure ,It was a very interesting survey
5,solo,social,heart3,was,amazing,11956,312297,English,Monologue conversation rating,Not sure ,It was a very interesting survey
6,cake,social,heart2,wasn't,amazing,25166,337467,English,Monologue conversation rating,Not sure ,It was a very interesting survey
7,presentation,social,heart0,was,terrible,10613,348084,English,Monologue conversation rating,Not sure ,It was a very interesting survey
8,app,informative,heart1,wasn't,bad,43317,391405,English,Monologue conversation rating,Not sure ,It was a very interesting survey
9,movie,informative,heart2,was,good,14114,405525,English,Monologue conversation rating,Not sure ,It was a very interesting survey
10,review,informative,heart3,was,amazing,18914,424444,English,Monologue conversation rating,Not sure ,It was a very interesting survey
11,painting,informative,heart0,was,terrible,14052,438501,English,Monologue conversation rating,Not sure ,It was a very interesting survey
12,recital,both,heart1,was,bad,11862,450367,English,Monologue conversation rating,Not sure ,It was a very interesting survey