trial,item,goal,true_state,positivity,utterance,rt,time_elapsed,language,expt_aim,goal_thoughts,expt_general
1,dance,both,heart0,was,good,43174,84344,English,To see how differences in words can be used in various settings?,To keep people on their toes, guessing what they really meant,Very interesting, thank you
2,presentation,informative,heart2,wasn't,terrible,57222,141580,English,To see how differences in words can be used in various settings?,To keep people on their toes, guessing what they really meant,Very interesting, thank you
3,song,informative,heart0,wasn't,bad,30785,172369,English,To see how differences in words can be used in various settings?,To keep people on their toes, guessing what they really meant,Very interesting, thank you
4,app,social,heart2,wasn't,bad,41861,214234,English,To see how differences in words can be used in various settings?,To keep people on their toes, guessing what they really meant,Very interesting, thank you
5,monologue,informative,heart3,was,good,38359,252596,English,To see how differences in words can be used in various settings?,To keep people on their toes, guessing what they really meant,Very interesting, thank you
6,solo,informative,heart1,wasn't,terrible,23285,275883,English,To see how differences in words can be used in various settings?,To keep people on their toes, guessing what they really meant,Very interesting, thank you
7,movie,social,heart0,wasn't,bad,22478,298364,English,To see how differences in words can be used in various settings?,To keep people on their toes, guessing what they really meant,Very interesting, thank you
8,painting,social,heart3,was,good,21348,319714,English,To see how differences in words can be used in various settings?,To keep people on their toes, guessing what they really meant,Very interesting, thank you
9,recital,social,heart1,wasn't,bad,19901,339618,English,To see how differences in words can be used in various settings?,To keep people on their toes, guessing what they really meant,Very interesting, thank you
10,review,both,heart3,was,amazing,16473,356095,English,To see how differences in words can be used in various settings?,To keep people on their toes, guessing what they really meant,Very interesting, thank you
11,poem,both,heart1,was,good,18072,374169,English,To see how differences in words can be used in various settings?,To keep people on their toes, guessing what they really meant,Very interesting, thank you
12,cake,both,heart2,was,good,23665,397836,English,To see how differences in words can be used in various settings?,To keep people on their toes, guessing what they really meant,Very interesting, thank you