trial,item,goal,true_state,positivity,utterance,rt,time_elapsed,language,expt_aim,goal_thoughts,expt_general
1,recital,social,heart1,was,good,40949,54890,English,Reading people and communication,Control,Nope
2,review,both,heart3,was,amazing,27150,82059,English,Reading people and communication,Control,Nope
3,presentation,informative,heart1,was,bad,36000,118061,English,Reading people and communication,Control,Nope
4,song,social,heart3,was,amazing,8375,126438,English,Reading people and communication,Control,Nope
5,cake,social,heart2,was,good,6137,132578,English,Reading people and communication,Control,Nope
6,app,social,heart0,was,terrible,11894,144474,English,Reading people and communication,Control,Nope
7,movie,both,heart1,was,good,25215,169692,English,Reading people and communication,Control,Nope
8,solo,informative,heart3,wasn't,bad,19856,189551,English,Reading people and communication,Control,Nope
9,monologue,informative,heart0,was,terrible,12830,202384,English,Reading people and communication,Control,Nope
10,poem,both,heart2,was,good,6565,208951,English,Reading people and communication,Control,Nope
11,painting,both,heart0,wasn't,bad,19522,228474,English,Reading people and communication,Control,Nope
12,dance,informative,heart2,wasn't,bad,7919,236395,English,Reading people and communication,Control,Nope