trial,item,goal,true_state,positivity,utterance,rt,time_elapsed,language,expt_aim,goal_thoughts,expt_general
1,poem,social,heart0,was,good,57513,123625,English,How people respond to an opinion about someone's work without necessarily being truthful and without hurting the other person's feelings.,They wanted to stay on the good side of the person they were giving opinions to so as to boost the moral of said person most of the time. By doing so they make themselves believe they are a better person.,Very interesting study!
2,dance,both,heart3,was,amazing,30977,154608,English,How people respond to an opinion about someone's work without necessarily being truthful and without hurting the other person's feelings.,They wanted to stay on the good side of the person they were giving opinions to so as to boost the moral of said person most of the time. By doing so they make themselves believe they are a better person.,Very interesting study!
3,movie,social,heart2,was,good,29496,184107,English,How people respond to an opinion about someone's work without necessarily being truthful and without hurting the other person's feelings.,They wanted to stay on the good side of the person they were giving opinions to so as to boost the moral of said person most of the time. By doing so they make themselves believe they are a better person.,Very interesting study!
4,app,both,heart1,wasn't,bad,32253,216365,English,How people respond to an opinion about someone's work without necessarily being truthful and without hurting the other person's feelings.,They wanted to stay on the good side of the person they were giving opinions to so as to boost the moral of said person most of the time. By doing so they make themselves believe they are a better person.,Very interesting study!
5,monologue,informative,heart0,was,terrible,36823,253193,English,How people respond to an opinion about someone's work without necessarily being truthful and without hurting the other person's feelings.,They wanted to stay on the good side of the person they were giving opinions to so as to boost the moral of said person most of the time. By doing so they make themselves believe they are a better person.,Very interesting study!
6,solo,informative,heart1,wasn't,good,29046,282244,English,How people respond to an opinion about someone's work without necessarily being truthful and without hurting the other person's feelings.,They wanted to stay on the good side of the person they were giving opinions to so as to boost the moral of said person most of the time. By doing so they make themselves believe they are a better person.,Very interesting study!
7,cake,both,heart2,was,good,18444,300693,English,How people respond to an opinion about someone's work without necessarily being truthful and without hurting the other person's feelings.,They wanted to stay on the good side of the person they were giving opinions to so as to boost the moral of said person most of the time. By doing so they make themselves believe they are a better person.,Very interesting study!
8,presentation,social,heart3,wasn't,bad,38710,339410,English,How people respond to an opinion about someone's work without necessarily being truthful and without hurting the other person's feelings.,They wanted to stay on the good side of the person they were giving opinions to so as to boost the moral of said person most of the time. By doing so they make themselves believe they are a better person.,Very interesting study!
9,song,informative,heart2,wasn't,bad,23178,362593,English,How people respond to an opinion about someone's work without necessarily being truthful and without hurting the other person's feelings.,They wanted to stay on the good side of the person they were giving opinions to so as to boost the moral of said person most of the time. By doing so they make themselves believe they are a better person.,Very interesting study!
10,review,social,heart1,was,good,20360,382960,English,How people respond to an opinion about someone's work without necessarily being truthful and without hurting the other person's feelings.,They wanted to stay on the good side of the person they were giving opinions to so as to boost the moral of said person most of the time. By doing so they make themselves believe they are a better person.,Very interesting study!
11,painting,informative,heart3,wasn't,bad,24982,407946,English,How people respond to an opinion about someone's work without necessarily being truthful and without hurting the other person's feelings.,They wanted to stay on the good side of the person they were giving opinions to so as to boost the moral of said person most of the time. By doing so they make themselves believe they are a better person.,Very interesting study!
12,recital,both,heart0,wasn't,bad,33545,441493,English,How people respond to an opinion about someone's work without necessarily being truthful and without hurting the other person's feelings.,They wanted to stay on the good side of the person they were giving opinions to so as to boost the moral of said person most of the time. By doing so they make themselves believe they are a better person.,Very interesting study!