trial,item,goal,true_state,positivity,utterance,rt,time_elapsed,language,expt_aim,goal_thoughts,expt_general
1,song,social,heart0,was,amazing,22471,27356,English,Whether you respond to someone with positivity or negativity.,Yes. They didn't want to lose control over the other person or they would feel bad if they thought the other person was better at something than they were.,
2,dance,social,heart3,was,good,22049,49422,English,Whether you respond to someone with positivity or negativity.,Yes. They didn't want to lose control over the other person or they would feel bad if they thought the other person was better at something than they were.,
3,app,informative,heart0,was,bad,21493,70926,English,Whether you respond to someone with positivity or negativity.,Yes. They didn't want to lose control over the other person or they would feel bad if they thought the other person was better at something than they were.,
4,presentation,social,heart2,was,good,16322,87257,English,Whether you respond to someone with positivity or negativity.,Yes. They didn't want to lose control over the other person or they would feel bad if they thought the other person was better at something than they were.,
5,recital,informative,heart3,was,good,11698,98965,English,Whether you respond to someone with positivity or negativity.,Yes. They didn't want to lose control over the other person or they would feel bad if they thought the other person was better at something than they were.,
6,review,both,heart1,was,amazing,9093,108068,English,Whether you respond to someone with positivity or negativity.,Yes. They didn't want to lose control over the other person or they would feel bad if they thought the other person was better at something than they were.,
7,solo,informative,heart2,was,good,9379,117456,English,Whether you respond to someone with positivity or negativity.,Yes. They didn't want to lose control over the other person or they would feel bad if they thought the other person was better at something than they were.,
8,painting,social,heart1,was,good,12385,129851,English,Whether you respond to someone with positivity or negativity.,Yes. They didn't want to lose control over the other person or they would feel bad if they thought the other person was better at something than they were.,
9,cake,both,heart3,was,amazing,7615,137476,English,Whether you respond to someone with positivity or negativity.,Yes. They didn't want to lose control over the other person or they would feel bad if they thought the other person was better at something than they were.,
10,movie,both,heart2,was,amazing,9142,146628,English,Whether you respond to someone with positivity or negativity.,Yes. They didn't want to lose control over the other person or they would feel bad if they thought the other person was better at something than they were.,
11,poem,informative,heart1,was,good,9361,155999,English,Whether you respond to someone with positivity or negativity.,Yes. They didn't want to lose control over the other person or they would feel bad if they thought the other person was better at something than they were.,
12,monologue,both,heart0,was,amazing,5194,161202,English,Whether you respond to someone with positivity or negativity.,Yes. They didn't want to lose control over the other person or they would feel bad if they thought the other person was better at something than they were.,