trial,item,goal,true_state,positivity,utterance,rt,time_elapsed,language,expt_aim,goal_thoughts,expt_general
1,dance,informative,heart0,wasn't,bad,47299,108346,English,Testing our communication skills when complementing people or providing feedback. ,No. ,
2,solo,social,heart2,was,good,18741,127103,English,Testing our communication skills when complementing people or providing feedback. ,No. ,
3,song,both,heart3,was,amazing,20109,147217,English,Testing our communication skills when complementing people or providing feedback. ,No. ,
4,presentation,both,heart0,wasn't,bad,31663,178885,English,Testing our communication skills when complementing people or providing feedback. ,No. ,
5,movie,social,heart1,was,good,29384,208274,English,Testing our communication skills when complementing people or providing feedback. ,No. ,
6,review,both,heart2,was,good,45799,254078,English,Testing our communication skills when complementing people or providing feedback. ,No. ,
7,cake,both,heart1,was,good,21706,275789,English,Testing our communication skills when complementing people or providing feedback. ,No. ,
8,poem,social,heart3,was,amazing,14961,290755,English,Testing our communication skills when complementing people or providing feedback. ,No. ,
9,painting,informative,heart1,wasn't,bad,24505,315265,English,Testing our communication skills when complementing people or providing feedback. ,No. ,
10,app,informative,heart2,was,good,43338,358606,English,Testing our communication skills when complementing people or providing feedback. ,No. ,
11,monologue,social,heart0,wasn't,terrible,20479,379089,English,Testing our communication skills when complementing people or providing feedback. ,No. ,
12,recital,informative,heart3,was,good,20772,399865,English,Testing our communication skills when complementing people or providing feedback. ,No. ,