trial,item,goal,true_state,positivity,utterance,rt,time_elapsed,language,expt_aim,goal_thoughts,expt_general
1,song,informative,heart3,was,good,955338,1145286,English,The experiment studies how people express true opinions in social situations, balancing honesty with politeness or sensitivity to others' feelings.,Yes, they may have had other goals like maintaining relationships, avoiding conflict, protecting their own reputation, or motivating or encouraging others.

,It was an interesting and realistic experiment. The scenarios felt natural, and it was engaging to think about how people balance honesty with social sensitivity.
2,movie,both,heart0,wasn't,bad,37302,1182598,English,The experiment studies how people express true opinions in social situations, balancing honesty with politeness or sensitivity to others' feelings.,Yes, they may have had other goals like maintaining relationships, avoiding conflict, protecting their own reputation, or motivating or encouraging others.

,It was an interesting and realistic experiment. The scenarios felt natural, and it was engaging to think about how people balance honesty with social sensitivity.
3,recital,both,heart2,was,good,11250,1193851,English,The experiment studies how people express true opinions in social situations, balancing honesty with politeness or sensitivity to others' feelings.,Yes, they may have had other goals like maintaining relationships, avoiding conflict, protecting their own reputation, or motivating or encouraging others.

,It was an interesting and realistic experiment. The scenarios felt natural, and it was engaging to think about how people balance honesty with social sensitivity.
4,monologue,social,heart3,was,amazing,25699,1219553,English,The experiment studies how people express true opinions in social situations, balancing honesty with politeness or sensitivity to others' feelings.,Yes, they may have had other goals like maintaining relationships, avoiding conflict, protecting their own reputation, or motivating or encouraging others.

,It was an interesting and realistic experiment. The scenarios felt natural, and it was engaging to think about how people balance honesty with social sensitivity.
5,app,social,heart0,wasn't,bad,7800,1227356,English,The experiment studies how people express true opinions in social situations, balancing honesty with politeness or sensitivity to others' feelings.,Yes, they may have had other goals like maintaining relationships, avoiding conflict, protecting their own reputation, or motivating or encouraging others.

,It was an interesting and realistic experiment. The scenarios felt natural, and it was engaging to think about how people balance honesty with social sensitivity.
6,presentation,informative,heart2,was,good,9424,1236782,English,The experiment studies how people express true opinions in social situations, balancing honesty with politeness or sensitivity to others' feelings.,Yes, they may have had other goals like maintaining relationships, avoiding conflict, protecting their own reputation, or motivating or encouraging others.

,It was an interesting and realistic experiment. The scenarios felt natural, and it was engaging to think about how people balance honesty with social sensitivity.
7,painting,both,heart1,was,bad,7034,1243819,English,The experiment studies how people express true opinions in social situations, balancing honesty with politeness or sensitivity to others' feelings.,Yes, they may have had other goals like maintaining relationships, avoiding conflict, protecting their own reputation, or motivating or encouraging others.

,It was an interesting and realistic experiment. The scenarios felt natural, and it was engaging to think about how people balance honesty with social sensitivity.
8,solo,informative,heart0,wasn't,terrible,6539,1250361,English,The experiment studies how people express true opinions in social situations, balancing honesty with politeness or sensitivity to others' feelings.,Yes, they may have had other goals like maintaining relationships, avoiding conflict, protecting their own reputation, or motivating or encouraging others.

,It was an interesting and realistic experiment. The scenarios felt natural, and it was engaging to think about how people balance honesty with social sensitivity.
9,review,informative,heart1,was,bad,4595,1254958,English,The experiment studies how people express true opinions in social situations, balancing honesty with politeness or sensitivity to others' feelings.,Yes, they may have had other goals like maintaining relationships, avoiding conflict, protecting their own reputation, or motivating or encouraging others.

,It was an interesting and realistic experiment. The scenarios felt natural, and it was engaging to think about how people balance honesty with social sensitivity.
10,poem,both,heart3,was,amazing,8673,1263633,English,The experiment studies how people express true opinions in social situations, balancing honesty with politeness or sensitivity to others' feelings.,Yes, they may have had other goals like maintaining relationships, avoiding conflict, protecting their own reputation, or motivating or encouraging others.

,It was an interesting and realistic experiment. The scenarios felt natural, and it was engaging to think about how people balance honesty with social sensitivity.
11,cake,social,heart2,was,good,5787,1269423,English,The experiment studies how people express true opinions in social situations, balancing honesty with politeness or sensitivity to others' feelings.,Yes, they may have had other goals like maintaining relationships, avoiding conflict, protecting their own reputation, or motivating or encouraging others.

,It was an interesting and realistic experiment. The scenarios felt natural, and it was engaging to think about how people balance honesty with social sensitivity.
12,dance,social,heart1,was,bad,6845,1276270,English,The experiment studies how people express true opinions in social situations, balancing honesty with politeness or sensitivity to others' feelings.,Yes, they may have had other goals like maintaining relationships, avoiding conflict, protecting their own reputation, or motivating or encouraging others.

,It was an interesting and realistic experiment. The scenarios felt natural, and it was engaging to think about how people balance honesty with social sensitivity.