trial,item,goal,true_state,positivity,utterance,rt,time_elapsed,language,expt_aim,goal_thoughts,expt_general
1,app,informative,heart2,was,good,13560,25314,English,To predict responses to positive and negative opinion.,Not sure,
2,painting,both,heart3,was,amazing,14287,39603,English,To predict responses to positive and negative opinion.,Not sure,
3,review,both,heart1,wasn't,good,15582,55186,English,To predict responses to positive and negative opinion.,Not sure,
4,recital,social,heart0,was,terrible,8685,63874,English,To predict responses to positive and negative opinion.,Not sure,
5,cake,both,heart2,was,good,8644,72519,English,To predict responses to positive and negative opinion.,Not sure,
6,presentation,informative,heart3,was,amazing,4672,77194,English,To predict responses to positive and negative opinion.,Not sure,
7,monologue,social,heart2,was,good,10230,87425,English,To predict responses to positive and negative opinion.,Not sure,
8,movie,social,heart3,was,amazing,6053,93479,English,To predict responses to positive and negative opinion.,Not sure,
9,solo,social,heart1,wasn't,amazing,7619,101099,English,To predict responses to positive and negative opinion.,Not sure,
10,dance,informative,heart0,was,terrible,6232,107332,English,To predict responses to positive and negative opinion.,Not sure,
11,song,informative,heart1,wasn't,good,12340,119675,English,To predict responses to positive and negative opinion.,Not sure,
12,poem,both,heart0,was,bad,3688,123364,English,To predict responses to positive and negative opinion.,Not sure,