trial,item,goal,true_state,positivity,utterance,rt,time_elapsed,language,expt_aim,goal_thoughts,expt_general
1,song,both,heart0,wasn't,terrible,33854,112185,English,I don't know other than just language usage.,I think some of the people wouldn't want to be seen in a bad light.,I would have liked for "Great" to be one of the choices since that's a word I'd expect to hear in a lot of the situations.  
2,solo,both,heart3,was,amazing,30813,143005,English,I don't know other than just language usage.,I think some of the people wouldn't want to be seen in a bad light.,I would have liked for "Great" to be one of the choices since that's a word I'd expect to hear in a lot of the situations.  
3,monologue,informative,heart2,was,good,22196,165203,English,I don't know other than just language usage.,I think some of the people wouldn't want to be seen in a bad light.,I would have liked for "Great" to be one of the choices since that's a word I'd expect to hear in a lot of the situations.  
4,dance,informative,heart3,was,amazing,26016,191221,English,I don't know other than just language usage.,I think some of the people wouldn't want to be seen in a bad light.,I would have liked for "Great" to be one of the choices since that's a word I'd expect to hear in a lot of the situations.  
5,poem,social,heart1,was,good,17140,208364,English,I don't know other than just language usage.,I think some of the people wouldn't want to be seen in a bad light.,I would have liked for "Great" to be one of the choices since that's a word I'd expect to hear in a lot of the situations.  
6,movie,social,heart2,was,amazing,23977,232344,English,I don't know other than just language usage.,I think some of the people wouldn't want to be seen in a bad light.,I would have liked for "Great" to be one of the choices since that's a word I'd expect to hear in a lot of the situations.  
7,cake,social,heart0,wasn't,terrible,18563,250910,English,I don't know other than just language usage.,I think some of the people wouldn't want to be seen in a bad light.,I would have liked for "Great" to be one of the choices since that's a word I'd expect to hear in a lot of the situations.  
8,presentation,informative,heart1,wasn't,terrible,59107,310019,English,I don't know other than just language usage.,I think some of the people wouldn't want to be seen in a bad light.,I would have liked for "Great" to be one of the choices since that's a word I'd expect to hear in a lot of the situations.  
9,review,social,heart3,was,amazing,13642,323665,English,I don't know other than just language usage.,I think some of the people wouldn't want to be seen in a bad light.,I would have liked for "Great" to be one of the choices since that's a word I'd expect to hear in a lot of the situations.  
10,app,both,heart1,wasn't,terrible,31645,355313,English,I don't know other than just language usage.,I think some of the people wouldn't want to be seen in a bad light.,I would have liked for "Great" to be one of the choices since that's a word I'd expect to hear in a lot of the situations.  
11,recital,both,heart2,was,good,76032,431348,English,I don't know other than just language usage.,I think some of the people wouldn't want to be seen in a bad light.,I would have liked for "Great" to be one of the choices since that's a word I'd expect to hear in a lot of the situations.  
12,painting,informative,heart0,wasn't,good,49331,480681,English,I don't know other than just language usage.,I think some of the people wouldn't want to be seen in a bad light.,I would have liked for "Great" to be one of the choices since that's a word I'd expect to hear in a lot of the situations.  