trial,item,goal,true_state,positivity,utterance,rt,time_elapsed,language,expt_aim,goal_thoughts,expt_general
1,app,both,heart2,was,good,17469,162647,English,To look at how people would give feedback depending on the aim,To help them improve,
2,poem,both,heart0,wasn't,good,25181,187836,English,To look at how people would give feedback depending on the aim,To help them improve,
3,cake,both,heart1,was,good,146165,334003,English,To look at how people would give feedback depending on the aim,To help them improve,
4,movie,informative,heart0,was,terrible,16532,350537,English,To look at how people would give feedback depending on the aim,To help them improve,
5,painting,informative,heart1,was,good,16764,367302,English,To look at how people would give feedback depending on the aim,To help them improve,
6,recital,social,heart3,was,amazing,18584,385887,English,To look at how people would give feedback depending on the aim,To help them improve,
7,presentation,social,heart0,was,amazing,45413,431302,English,To look at how people would give feedback depending on the aim,To help them improve,
8,song,informative,heart3,was,amazing,10034,441337,English,To look at how people would give feedback depending on the aim,To help them improve,
9,solo,social,heart2,was,amazing,13013,454352,English,To look at how people would give feedback depending on the aim,To help them improve,
10,monologue,social,heart1,was,amazing,11649,466002,English,To look at how people would give feedback depending on the aim,To help them improve,
11,dance,both,heart3,was,amazing,112095,578099,English,To look at how people would give feedback depending on the aim,To help them improve,
12,review,informative,heart2,was,good,13115,591216,English,To look at how people would give feedback depending on the aim,To help them improve,