trial,item,goal,true_state,positivity,utterance,rt,time_elapsed,language,expt_aim,goal_thoughts,expt_general
1,monologue,both,heart2,was,good,25185,38596,english,how people would respond with feedback,To either make the person feel good or bad,
2,song,informative,heart3,was,good,37916,76548,english,how people would respond with feedback,To either make the person feel good or bad,
3,dance,social,heart0,wasn't,bad,17123,93674,english,how people would respond with feedback,To either make the person feel good or bad,
4,painting,social,heart1,wasn't,terrible,20274,113951,english,how people would respond with feedback,To either make the person feel good or bad,
5,app,informative,heart2,wasn't,bad,17058,131015,english,how people would respond with feedback,To either make the person feel good or bad,
6,review,both,heart0,wasn't,terrible,19330,150347,english,how people would respond with feedback,To either make the person feel good or bad,
7,poem,both,heart3,was,amazing,11031,161387,english,how people would respond with feedback,To either make the person feel good or bad,
8,recital,informative,heart1,wasn't,amazing,19588,180982,english,how people would respond with feedback,To either make the person feel good or bad,
9,solo,informative,heart0,was,bad,15514,196502,english,how people would respond with feedback,To either make the person feel good or bad,
10,movie,social,heart2,wasn't,terrible,18798,215308,english,how people would respond with feedback,To either make the person feel good or bad,
11,cake,both,heart1,wasn't,terrible,17443,232759,english,how people would respond with feedback,To either make the person feel good or bad,
12,presentation,social,heart3,was,good,13868,246630,english,how people would respond with feedback,To either make the person feel good or bad,