trial,item,goal,true_state,positivity,utterance,rt,time_elapsed,language,expt_aim,goal_thoughts,expt_general
1,dance,both,heart1,was,amazing,68790,162846,English,Figuring out how people choose  their words, whether they are being honest or just trying to be nice.  ,Maybe avoiding awkwardness or trying not to hurt feelings.,No.
2,recital,social,heart2,was,good,27583,190438,English,Figuring out how people choose  their words, whether they are being honest or just trying to be nice.  ,Maybe avoiding awkwardness or trying not to hurt feelings.,No.
3,movie,social,heart1,wasn't,terrible,42534,232974,English,Figuring out how people choose  their words, whether they are being honest or just trying to be nice.  ,Maybe avoiding awkwardness or trying not to hurt feelings.,No.
4,review,informative,heart0,was,bad,111494,344471,English,Figuring out how people choose  their words, whether they are being honest or just trying to be nice.  ,Maybe avoiding awkwardness or trying not to hurt feelings.,No.
5,poem,both,heart3,was,amazing,22389,366862,English,Figuring out how people choose  their words, whether they are being honest or just trying to be nice.  ,Maybe avoiding awkwardness or trying not to hurt feelings.,No.
6,cake,informative,heart1,wasn't,bad,44142,411006,English,Figuring out how people choose  their words, whether they are being honest or just trying to be nice.  ,Maybe avoiding awkwardness or trying not to hurt feelings.,No.
7,painting,both,heart2,was,good,42909,453918,English,Figuring out how people choose  their words, whether they are being honest or just trying to be nice.  ,Maybe avoiding awkwardness or trying not to hurt feelings.,No.
8,monologue,social,heart3,was,good,27149,481069,English,Figuring out how people choose  their words, whether they are being honest or just trying to be nice.  ,Maybe avoiding awkwardness or trying not to hurt feelings.,No.
9,song,social,heart0,was,good,35038,516110,English,Figuring out how people choose  their words, whether they are being honest or just trying to be nice.  ,Maybe avoiding awkwardness or trying not to hurt feelings.,No.
10,presentation,informative,heart2,was,good,33006,549119,English,Figuring out how people choose  their words, whether they are being honest or just trying to be nice.  ,Maybe avoiding awkwardness or trying not to hurt feelings.,No.
11,app,informative,heart3,was,good,35333,584454,English,Figuring out how people choose  their words, whether they are being honest or just trying to be nice.  ,Maybe avoiding awkwardness or trying not to hurt feelings.,No.
12,solo,both,heart0,wasn't,terrible,32069,616526,English,Figuring out how people choose  their words, whether they are being honest or just trying to be nice.  ,Maybe avoiding awkwardness or trying not to hurt feelings.,No.