trial,item,goal,true_state,positivity,utterance,rt,time_elapsed,language,expt_aim,goal_thoughts,expt_general
1,painting,both,heart0,wasn't,amazing,52037,126506,English,Language usage,Accuracy,n/a
2,movie,informative,heart2,was,good,23490,150016,English,Language usage,Accuracy,n/a
3,recital,both,heart3,was,amazing,16666,166686,English,Language usage,Accuracy,n/a
4,cake,social,heart2,was,good,31179,197868,English,Language usage,Accuracy,n/a
5,dance,informative,heart0,wasn't,good,22563,220437,English,Language usage,Accuracy,n/a
6,review,informative,heart3,wasn't,bad,23965,244406,English,Language usage,Accuracy,n/a
7,app,both,heart2,was,good,24047,268458,English,Language usage,Accuracy,n/a
8,song,social,heart1,was,good,25536,293999,English,Language usage,Accuracy,n/a
9,poem,social,heart3,wasn't,bad,48913,342915,English,Language usage,Accuracy,n/a
10,solo,both,heart1,wasn't,amazing,34786,377705,English,Language usage,Accuracy,n/a
11,monologue,social,heart0,wasn't,bad,20212,397921,English,Language usage,Accuracy,n/a
12,presentation,informative,heart1,was,bad,24867,422791,English,Language usage,Accuracy,n/a