trial,item,goal,true_state,positivity,utterance,rt,time_elapsed,language,expt_aim,goal_thoughts,expt_general
1,review,both,heart0,wasn't,terrible,38851,195470,English,Our interpretation of basic affirmative/negative constructions,I can't think of any,None
2,monologue,both,heart2,was,good,11939,207416,English,Our interpretation of basic affirmative/negative constructions,I can't think of any,None
3,movie,informative,heart1,wasn't,good,13210,220627,English,Our interpretation of basic affirmative/negative constructions,I can't think of any,None
4,solo,informative,heart3,was,good,8966,229594,English,Our interpretation of basic affirmative/negative constructions,I can't think of any,None
5,app,social,heart1,was,amazing,7111,236707,English,Our interpretation of basic affirmative/negative constructions,I can't think of any,None
6,recital,informative,heart0,was,terrible,5427,242135,English,Our interpretation of basic affirmative/negative constructions,I can't think of any,None
7,dance,both,heart3,was,amazing,3605,245741,English,Our interpretation of basic affirmative/negative constructions,I can't think of any,None
8,song,informative,heart2,wasn't,amazing,13887,259630,English,Our interpretation of basic affirmative/negative constructions,I can't think of any,None
9,presentation,social,heart3,was,amazing,10981,270612,English,Our interpretation of basic affirmative/negative constructions,I can't think of any,None
10,painting,both,heart1,wasn't,terrible,5461,276075,English,Our interpretation of basic affirmative/negative constructions,I can't think of any,None
11,cake,social,heart0,was,amazing,5116,281192,English,Our interpretation of basic affirmative/negative constructions,I can't think of any,None
12,poem,social,heart2,was,amazing,8724,289917,English,Our interpretation of basic affirmative/negative constructions,I can't think of any,None