trial,item,goal,true_state,positivity,utterance,rt,time_elapsed,language,expt_aim,goal_thoughts,expt_general
1,cake,informative,heart3,wasn't,bad,30476,66104,English,I think this experiment was about seeing what people would most likely say in certain scenarios.,I don't think there were any other goals.,This was very interesting. Thank you for the study!
2,solo,informative,heart1,was,terrible,55058,121164,English,I think this experiment was about seeing what people would most likely say in certain scenarios.,I don't think there were any other goals.,This was very interesting. Thank you for the study!
3,poem,social,heart3,was,good,17608,138774,English,I think this experiment was about seeing what people would most likely say in certain scenarios.,I don't think there were any other goals.,This was very interesting. Thank you for the study!
4,movie,social,heart0,was,good,19058,157834,English,I think this experiment was about seeing what people would most likely say in certain scenarios.,I don't think there were any other goals.,This was very interesting. Thank you for the study!
5,monologue,both,heart1,wasn't,terrible,5686,163520,English,I think this experiment was about seeing what people would most likely say in certain scenarios.,I don't think there were any other goals.,This was very interesting. Thank you for the study!
6,presentation,social,heart2,was,amazing,6928,170451,English,I think this experiment was about seeing what people would most likely say in certain scenarios.,I don't think there were any other goals.,This was very interesting. Thank you for the study!
7,dance,social,heart1,wasn't,terrible,53291,223743,English,I think this experiment was about seeing what people would most likely say in certain scenarios.,I don't think there were any other goals.,This was very interesting. Thank you for the study!
8,song,both,heart2,was,good,3872,227617,English,I think this experiment was about seeing what people would most likely say in certain scenarios.,I don't think there were any other goals.,This was very interesting. Thank you for the study!
9,painting,both,heart0,wasn't,amazing,20082,247701,English,I think this experiment was about seeing what people would most likely say in certain scenarios.,I don't think there were any other goals.,This was very interesting. Thank you for the study!
10,app,informative,heart2,wasn't,bad,8810,256512,English,I think this experiment was about seeing what people would most likely say in certain scenarios.,I don't think there were any other goals.,This was very interesting. Thank you for the study!
11,review,both,heart3,was,amazing,3470,259985,English,I think this experiment was about seeing what people would most likely say in certain scenarios.,I don't think there were any other goals.,This was very interesting. Thank you for the study!
12,recital,informative,heart0,was,terrible,5059,265044,English,I think this experiment was about seeing what people would most likely say in certain scenarios.,I don't think there were any other goals.,This was very interesting. Thank you for the study!