trial,item,goal,true_state,positivity,utterance,rt,time_elapsed,language,expt_aim,goal_thoughts,expt_general
1,movie,both,heart3,was,amazing,53465,126467,English,seeing people's true opinion and predicting what they would say,to be transparent,n/a
2,presentation,social,heart1,was,terrible,43880,170380,English,seeing people's true opinion and predicting what they would say,to be transparent,n/a
3,review,informative,heart0,was,terrible,28438,198823,English,seeing people's true opinion and predicting what they would say,to be transparent,n/a
4,cake,social,heart3,was,amazing,31913,230741,English,seeing people's true opinion and predicting what they would say,to be transparent,n/a
5,recital,social,heart0,was,good,36166,266912,English,seeing people's true opinion and predicting what they would say,to be transparent,n/a
6,poem,both,heart1,wasn't,bad,111454,378372,English,seeing people's true opinion and predicting what they would say,to be transparent,n/a
7,app,social,heart2,was,good,20839,399215,English,seeing people's true opinion and predicting what they would say,to be transparent,n/a
8,dance,both,heart0,wasn't,terrible,26792,426011,English,seeing people's true opinion and predicting what they would say,to be transparent,n/a
9,monologue,both,heart2,was,good,22745,448761,English,seeing people's true opinion and predicting what they would say,to be transparent,n/a
10,song,informative,heart1,was,bad,23112,471877,English,seeing people's true opinion and predicting what they would say,to be transparent,n/a
11,painting,informative,heart3,was,good,31031,502913,English,seeing people's true opinion and predicting what they would say,to be transparent,n/a
12,solo,informative,heart2,was,good,24329,527246,English,seeing people's true opinion and predicting what they would say,to be transparent,n/a