trial,item,goal,true_state,positivity,utterance,rt,time_elapsed,language,expt_aim,goal_thoughts,expt_general
1,cake,both,heart1,wasn't,terrible,23116,51408,English,using negatives and positives in language,be socially acceptable,no problems for me 
2,movie,informative,heart0,wasn't,terrible,34320,85763,English,using negatives and positives in language,be socially acceptable,no problems for me 
3,poem,both,heart3,was,amazing,17069,102837,English,using negatives and positives in language,be socially acceptable,no problems for me 
4,presentation,social,heart1,wasn't,bad,14672,117515,English,using negatives and positives in language,be socially acceptable,no problems for me 
5,song,informative,heart2,was,good,10224,127745,English,using negatives and positives in language,be socially acceptable,no problems for me 
6,review,social,heart0,wasn't,good,15820,143571,English,using negatives and positives in language,be socially acceptable,no problems for me 
7,monologue,informative,heart3,was,amazing,10791,154364,English,using negatives and positives in language,be socially acceptable,no problems for me 
8,dance,both,heart2,was,good,24835,179204,English,using negatives and positives in language,be socially acceptable,no problems for me 
9,recital,informative,heart1,wasn't,good,18544,197755,English,using negatives and positives in language,be socially acceptable,no problems for me 
10,app,social,heart3,was,amazing,19815,217572,English,using negatives and positives in language,be socially acceptable,no problems for me 
11,painting,both,heart0,wasn't,terrible,19836,237414,English,using negatives and positives in language,be socially acceptable,no problems for me 
12,solo,social,heart2,was,amazing,13007,250426,English,using negatives and positives in language,be socially acceptable,no problems for me 