trial,item,goal,true_state,positivity,utterance,rt,time_elapsed,language,expt_aim,goal_thoughts,expt_general
1,cake,social,heart3,was,good,46691,72164,English,explore language subtlety in compliments or criticism,categorize semantic clues,it wasn't terrible
2,solo,social,heart2,wasn't,bad,43791,115964,English,explore language subtlety in compliments or criticism,categorize semantic clues,it wasn't terrible
3,song,informative,heart0,was,terrible,19331,135300,English,explore language subtlety in compliments or criticism,categorize semantic clues,it wasn't terrible
4,poem,both,heart2,wasn't,amazing,38303,173606,English,explore language subtlety in compliments or criticism,categorize semantic clues,it wasn't terrible
5,presentation,both,heart0,was,bad,223334,396944,English,explore language subtlety in compliments or criticism,categorize semantic clues,it wasn't terrible
6,movie,both,heart1,wasn't,good,38198,435146,English,explore language subtlety in compliments or criticism,categorize semantic clues,it wasn't terrible
7,dance,informative,heart3,was,amazing,18098,453247,English,explore language subtlety in compliments or criticism,categorize semantic clues,it wasn't terrible
8,monologue,social,heart1,wasn't,amazing,76046,529296,English,explore language subtlety in compliments or criticism,categorize semantic clues,it wasn't terrible
9,app,informative,heart2,was,good,10127,539428,English,explore language subtlety in compliments or criticism,categorize semantic clues,it wasn't terrible
10,review,social,heart0,wasn't,good,16059,555492,English,explore language subtlety in compliments or criticism,categorize semantic clues,it wasn't terrible
11,painting,informative,heart1,wasn't,terrible,18162,573656,English,explore language subtlety in compliments or criticism,categorize semantic clues,it wasn't terrible
12,recital,both,heart3,was,amazing,11260,584920,English,explore language subtlety in compliments or criticism,categorize semantic clues,it wasn't terrible