trial,item,goal,true_state,positivity,utterance,rt,time_elapsed,language,expt_aim,goal_thoughts,expt_general
1,app,both,heart0,wasn't,amazing,30879,81567,English,How people word things depending on the situation,perhaps they wanted to save face,
2,painting,social,heart1,wasn't,terrible,17453,99025,English,How people word things depending on the situation,perhaps they wanted to save face,
3,recital,social,heart2,wasn't,bad,15378,114405,English,How people word things depending on the situation,perhaps they wanted to save face,
4,movie,social,heart3,wasn't,bad,88163,202569,English,How people word things depending on the situation,perhaps they wanted to save face,
5,review,social,heart0,wasn't,terrible,27571,230141,English,How people word things depending on the situation,perhaps they wanted to save face,
6,dance,both,heart3,was,amazing,8329,238472,English,How people word things depending on the situation,perhaps they wanted to save face,
7,presentation,informative,heart0,was,bad,10278,248751,English,How people word things depending on the situation,perhaps they wanted to save face,
8,poem,both,heart2,was,good,14976,263728,English,How people word things depending on the situation,perhaps they wanted to save face,
9,monologue,informative,heart3,wasn't,bad,21095,284824,English,How people word things depending on the situation,perhaps they wanted to save face,
10,song,informative,heart1,was,bad,6931,291756,English,How people word things depending on the situation,perhaps they wanted to save face,
11,solo,informative,heart2,wasn't,bad,16033,307790,English,How people word things depending on the situation,perhaps they wanted to save face,
12,cake,both,heart1,wasn't,terrible,9488,317278,English,How people word things depending on the situation,perhaps they wanted to save face,