trial,item,goal,true_state,positivity,utterance,rt,time_elapsed,language,expt_aim,goal_thoughts,expt_general
1,monologue,both,heart0,was,good,53351,80852,English,How people phrase their opinions to suit the situation?,To try to give the opinion that they felt was most beneficial to the person asking for feedback?,
2,painting,informative,heart1,wasn't,good,35195,116055,English,How people phrase their opinions to suit the situation?,To try to give the opinion that they felt was most beneficial to the person asking for feedback?,
3,song,informative,heart2,wasn't,bad,33302,149360,English,How people phrase their opinions to suit the situation?,To try to give the opinion that they felt was most beneficial to the person asking for feedback?,
4,presentation,social,heart3,was,amazing,19226,168588,English,How people phrase their opinions to suit the situation?,To try to give the opinion that they felt was most beneficial to the person asking for feedback?,
5,recital,social,heart2,was,good,24114,192704,English,How people phrase their opinions to suit the situation?,To try to give the opinion that they felt was most beneficial to the person asking for feedback?,
6,dance,informative,heart0,was,terrible,17746,210452,English,How people phrase their opinions to suit the situation?,To try to give the opinion that they felt was most beneficial to the person asking for feedback?,
7,solo,social,heart1,wasn't,bad,26077,236531,English,How people phrase their opinions to suit the situation?,To try to give the opinion that they felt was most beneficial to the person asking for feedback?,
8,cake,informative,heart3,was,amazing,14314,250847,English,How people phrase their opinions to suit the situation?,To try to give the opinion that they felt was most beneficial to the person asking for feedback?,
9,app,both,heart1,wasn't,bad,20978,271828,English,How people phrase their opinions to suit the situation?,To try to give the opinion that they felt was most beneficial to the person asking for feedback?,
10,movie,social,heart0,wasn't,bad,31917,303747,English,How people phrase their opinions to suit the situation?,To try to give the opinion that they felt was most beneficial to the person asking for feedback?,
11,poem,both,heart2,was,good,25831,329580,English,How people phrase their opinions to suit the situation?,To try to give the opinion that they felt was most beneficial to the person asking for feedback?,
12,review,both,heart3,was,amazing,13706,343287,English,How people phrase their opinions to suit the situation?,To try to give the opinion that they felt was most beneficial to the person asking for feedback?,