trial,item,goal,true_state,positivity,utterance,rt,time_elapsed,language,expt_aim,goal_thoughts,expt_general
1,solo,social,heart1,wasn't,bad,20373,42576,English,,to be kind,
2,presentation,informative,heart0,wasn't,good,19717,62303,English,,to be kind,
3,review,social,heart2,was,good,11040,73345,English,,to be kind,
4,recital,social,heart3,was,good,27259,100606,English,,to be kind,
5,cake,both,heart0,wasn't,terrible,12427,113035,English,,to be kind,
6,poem,informative,heart3,wasn't,terrible,14247,127284,English,,to be kind,
7,app,informative,heart1,was,bad,10732,138018,English,,to be kind,
8,song,informative,heart2,was,good,10975,148995,English,,to be kind,
9,movie,both,heart3,was,amazing,5971,154968,English,,to be kind,
10,painting,social,heart0,was,good,10968,165938,English,,to be kind,
11,monologue,both,heart1,was,good,9285,175225,English,,to be kind,
12,dance,both,heart2,was,good,12045,187271,English,,to be kind,