trial,item,goal,true_state,positivity,utterance,rt,time_elapsed,language,expt_aim,goal_thoughts,expt_general
1,review,social,heart0,was,good,32216,52848,English,I'm not certain,Other than to imply a feeling, there were scenarios where they wanted to be truthful or accurate also,no
2,painting,social,heart2,was,amazing,14613,67468,English,I'm not certain,Other than to imply a feeling, there were scenarios where they wanted to be truthful or accurate also,no
3,app,both,heart3,was,amazing,12791,80262,English,I'm not certain,Other than to imply a feeling, there were scenarios where they wanted to be truthful or accurate also,no
4,cake,social,heart1,was,good,16466,96732,English,I'm not certain,Other than to imply a feeling, there were scenarios where they wanted to be truthful or accurate also,no
5,recital,informative,heart3,was,good,14961,111695,English,I'm not certain,Other than to imply a feeling, there were scenarios where they wanted to be truthful or accurate also,no
6,poem,informative,heart0,was,terrible,11485,123182,English,I'm not certain,Other than to imply a feeling, there were scenarios where they wanted to be truthful or accurate also,no
7,presentation,social,heart3,was,good,17510,140696,English,I'm not certain,Other than to imply a feeling, there were scenarios where they wanted to be truthful or accurate also,no
8,song,both,heart2,was,good,11331,152030,English,I'm not certain,Other than to imply a feeling, there were scenarios where they wanted to be truthful or accurate also,no
9,movie,informative,heart1,wasn't,good,19356,171390,English,I'm not certain,Other than to imply a feeling, there were scenarios where they wanted to be truthful or accurate also,no
10,dance,both,heart0,wasn't,terrible,14404,185798,English,I'm not certain,Other than to imply a feeling, there were scenarios where they wanted to be truthful or accurate also,no
11,solo,both,heart1,wasn't,terrible,12035,197836,English,I'm not certain,Other than to imply a feeling, there were scenarios where they wanted to be truthful or accurate also,no
12,monologue,informative,heart2,wasn't,amazing,17195,215035,English,I'm not certain,Other than to imply a feeling, there were scenarios where they wanted to be truthful or accurate also,no