trial,item,goal,true_state,positivity,utterance,rt,time_elapsed,language,expt_aim,goal_thoughts,expt_general
1,song,social,heart3,was,good,95500,249491,English,Predticting peoples thoughts based on true opinion,Maybe they had a goal of being good,The experiment was good
2,monologue,both,heart0,wasn't,amazing,41494,290999,English,Predticting peoples thoughts based on true opinion,Maybe they had a goal of being good,The experiment was good
3,dance,informative,heart3,was,amazing,27286,318289,English,Predticting peoples thoughts based on true opinion,Maybe they had a goal of being good,The experiment was good
4,cake,social,heart1,was,good,17759,336051,English,Predticting peoples thoughts based on true opinion,Maybe they had a goal of being good,The experiment was good
5,poem,both,heart2,wasn't,bad,30826,366880,English,Predticting peoples thoughts based on true opinion,Maybe they had a goal of being good,The experiment was good
6,recital,social,heart0,was,bad,170306,537189,English,Predticting peoples thoughts based on true opinion,Maybe they had a goal of being good,The experiment was good
7,presentation,both,heart1,wasn't,bad,13193,550385,English,Predticting peoples thoughts based on true opinion,Maybe they had a goal of being good,The experiment was good
8,review,informative,heart2,was,good,9478,559867,English,Predticting peoples thoughts based on true opinion,Maybe they had a goal of being good,The experiment was good
9,movie,informative,heart1,was,bad,34961,594831,English,Predticting peoples thoughts based on true opinion,Maybe they had a goal of being good,The experiment was good
10,app,social,heart2,was,good,40175,635008,English,Predticting peoples thoughts based on true opinion,Maybe they had a goal of being good,The experiment was good
11,solo,both,heart3,was,amazing,9317,644327,English,Predticting peoples thoughts based on true opinion,Maybe they had a goal of being good,The experiment was good
12,painting,informative,heart0,wasn't,amazing,58389,702719,English,Predticting peoples thoughts based on true opinion,Maybe they had a goal of being good,The experiment was good