trial,item,goal,true_state,positivity,utterance,rt,time_elapsed,language,expt_aim,goal_thoughts,expt_general
1,review,both,heart2,was,good,19774,378654,English,If people preferred positive negative vs negative positive word pairs when "lying" vs being "truthful",People always have social pressure goals to not be negative I'd say, which is different from being nice/mean/honest.,
2,app,informative,heart1,wasn't,good,13605,392262,English,If people preferred positive negative vs negative positive word pairs when "lying" vs being "truthful",People always have social pressure goals to not be negative I'd say, which is different from being nice/mean/honest.,
3,painting,informative,heart3,was,amazing,13127,405390,English,If people preferred positive negative vs negative positive word pairs when "lying" vs being "truthful",People always have social pressure goals to not be negative I'd say, which is different from being nice/mean/honest.,
4,solo,informative,heart2,was,good,11274,416667,English,If people preferred positive negative vs negative positive word pairs when "lying" vs being "truthful",People always have social pressure goals to not be negative I'd say, which is different from being nice/mean/honest.,
5,cake,informative,heart0,wasn't,good,10628,427296,English,If people preferred positive negative vs negative positive word pairs when "lying" vs being "truthful",People always have social pressure goals to not be negative I'd say, which is different from being nice/mean/honest.,
6,recital,social,heart3,was,amazing,6989,434288,English,If people preferred positive negative vs negative positive word pairs when "lying" vs being "truthful",People always have social pressure goals to not be negative I'd say, which is different from being nice/mean/honest.,
7,presentation,social,heart1,wasn't,bad,18838,453128,English,If people preferred positive negative vs negative positive word pairs when "lying" vs being "truthful",People always have social pressure goals to not be negative I'd say, which is different from being nice/mean/honest.,
8,poem,both,heart0,wasn't,bad,14406,467535,English,If people preferred positive negative vs negative positive word pairs when "lying" vs being "truthful",People always have social pressure goals to not be negative I'd say, which is different from being nice/mean/honest.,
9,song,social,heart2,was,amazing,9265,476802,English,If people preferred positive negative vs negative positive word pairs when "lying" vs being "truthful",People always have social pressure goals to not be negative I'd say, which is different from being nice/mean/honest.,
10,movie,social,heart0,wasn't,bad,13327,490131,English,If people preferred positive negative vs negative positive word pairs when "lying" vs being "truthful",People always have social pressure goals to not be negative I'd say, which is different from being nice/mean/honest.,
11,dance,both,heart1,was,good,9719,499851,English,If people preferred positive negative vs negative positive word pairs when "lying" vs being "truthful",People always have social pressure goals to not be negative I'd say, which is different from being nice/mean/honest.,
12,monologue,both,heart3,was,amazing,4955,504808,English,If people preferred positive negative vs negative positive word pairs when "lying" vs being "truthful",People always have social pressure goals to not be negative I'd say, which is different from being nice/mean/honest.,