trial,item,goal,true_state,positivity,utterance,rt,time_elapsed,language,expt_aim,goal_thoughts,expt_general
1,song,social,heart3,was,amazing,20358,163051,English,This experiment is about how someone with expertise gives honest,helpful feedback to someone, balancing honesty with kindness. It explores how to provide accurate opinions without discouraging the creator.,Besides being kind,mean,or honest,they might also want to see how feedback impacts feelings or encourages growth.,No
2,presentation,both,heart2,was,good,13073,176131,English,This experiment is about how someone with expertise gives honest,helpful feedback to someone, balancing honesty with kindness. It explores how to provide accurate opinions without discouraging the creator.,Besides being kind,mean,or honest,they might also want to see how feedback impacts feelings or encourages growth.,No
3,recital,both,heart3,was,amazing,23525,199657,English,This experiment is about how someone with expertise gives honest,helpful feedback to someone, balancing honesty with kindness. It explores how to provide accurate opinions without discouraging the creator.,Besides being kind,mean,or honest,they might also want to see how feedback impacts feelings or encourages growth.,No
4,monologue,social,heart1,wasn't,bad,20438,220096,English,This experiment is about how someone with expertise gives honest,helpful feedback to someone, balancing honesty with kindness. It explores how to provide accurate opinions without discouraging the creator.,Besides being kind,mean,or honest,they might also want to see how feedback impacts feelings or encourages growth.,No
5,painting,social,heart0,wasn't,bad,20558,240655,English,This experiment is about how someone with expertise gives honest,helpful feedback to someone, balancing honesty with kindness. It explores how to provide accurate opinions without discouraging the creator.,Besides being kind,mean,or honest,they might also want to see how feedback impacts feelings or encourages growth.,No
6,dance,informative,heart1,wasn't,bad,24941,265597,English,This experiment is about how someone with expertise gives honest,helpful feedback to someone, balancing honesty with kindness. It explores how to provide accurate opinions without discouraging the creator.,Besides being kind,mean,or honest,they might also want to see how feedback impacts feelings or encourages growth.,No
7,app,informative,heart2,wasn't,bad,32253,297852,English,This experiment is about how someone with expertise gives honest,helpful feedback to someone, balancing honesty with kindness. It explores how to provide accurate opinions without discouraging the creator.,Besides being kind,mean,or honest,they might also want to see how feedback impacts feelings or encourages growth.,No
8,review,both,heart0,was,good,41461,339313,English,This experiment is about how someone with expertise gives honest,helpful feedback to someone, balancing honesty with kindness. It explores how to provide accurate opinions without discouraging the creator.,Besides being kind,mean,or honest,they might also want to see how feedback impacts feelings or encourages growth.,No
9,movie,informative,heart3,wasn't,bad,50028,389343,English,This experiment is about how someone with expertise gives honest,helpful feedback to someone, balancing honesty with kindness. It explores how to provide accurate opinions without discouraging the creator.,Besides being kind,mean,or honest,they might also want to see how feedback impacts feelings or encourages growth.,No
10,solo,both,heart1,wasn't,bad,42156,431500,English,This experiment is about how someone with expertise gives honest,helpful feedback to someone, balancing honesty with kindness. It explores how to provide accurate opinions without discouraging the creator.,Besides being kind,mean,or honest,they might also want to see how feedback impacts feelings or encourages growth.,No
11,cake,social,heart2,wasn't,bad,55644,487145,English,This experiment is about how someone with expertise gives honest,helpful feedback to someone, balancing honesty with kindness. It explores how to provide accurate opinions without discouraging the creator.,Besides being kind,mean,or honest,they might also want to see how feedback impacts feelings or encourages growth.,No
12,poem,informative,heart0,wasn't,terrible,68915,556061,English,This experiment is about how someone with expertise gives honest,helpful feedback to someone, balancing honesty with kindness. It explores how to provide accurate opinions without discouraging the creator.,Besides being kind,mean,or honest,they might also want to see how feedback impacts feelings or encourages growth.,No