trial,item,goal,true_state,positivity,utterance,rt,time_elapsed,language,expt_aim,goal_thoughts,expt_general
1,solo,both,heart0,was,good,50884,75085,english,not sure,not really,no
2,recital,social,heart1,was,amazing,23169,98299,english,not sure,not really,no
3,presentation,both,heart3,was,good,27601,125910,english,not sure,not really,no
4,review,social,heart2,was,good,25649,151568,english,not sure,not really,no
5,painting,both,heart1,wasn't,bad,30815,182392,english,not sure,not really,no
6,cake,informative,heart0,was,good,19123,201523,english,not sure,not really,no
7,app,informative,heart1,wasn't,terrible,25738,227269,english,not sure,not really,no
8,song,informative,heart2,was,amazing,19522,246799,english,not sure,not really,no
9,dance,social,heart3,was,good,14429,261237,english,not sure,not really,no
10,movie,both,heart2,wasn't,bad,15008,276253,english,not sure,not really,no
11,monologue,social,heart0,was,good,16616,292878,english,not sure,not really,no
12,poem,informative,heart3,was,amazing,15046,307933,english,not sure,not really,no