trial,item,goal,true_state,positivity,utterance,rt,time_elapsed,language,expt_aim,goal_thoughts,expt_general
1,poem,both,heart3,was,amazing,49165,122765,english,no idea,yes ,
2,recital,informative,heart1,wasn't,bad,56165,178939,english,no idea,yes ,
3,cake,social,heart3,was,amazing,45615,224559,english,no idea,yes ,
4,monologue,social,heart1,was,good,38118,262683,english,no idea,yes ,
5,review,informative,heart2,wasn't,bad,50507,313194,english,no idea,yes ,
6,presentation,both,heart0,was,amazing,20447,333647,english,no idea,yes ,
7,song,both,heart2,was,amazing,16734,350386,english,no idea,yes ,
8,dance,informative,heart0,was,good,39307,389698,english,no idea,yes ,
9,app,informative,heart3,wasn't,bad,36047,425750,english,no idea,yes ,
10,movie,social,heart0,wasn't,bad,19266,445022,english,no idea,yes ,
11,solo,social,heart2,was,good,22775,467802,english,no idea,yes ,
12,painting,both,heart1,was,amazing,30199,498006,english,no idea,yes ,