trial,item,goal,true_state,positivity,utterance,rt,time_elapsed,language,expt_aim,goal_thoughts,expt_general
1,dance,social,heart0,was,good,48821,103053,English,Are people usually honest with other people?,They wanted the other people to have respect for them.,Thank you.
2,app,social,heart2,wasn't,bad,55828,158902,English,Are people usually honest with other people?,They wanted the other people to have respect for them.,Thank you.
3,movie,both,heart3,was,amazing,21934,180840,English,Are people usually honest with other people?,They wanted the other people to have respect for them.,Thank you.
4,painting,both,heart0,wasn't,terrible,30251,211096,English,Are people usually honest with other people?,They wanted the other people to have respect for them.,Thank you.
5,song,informative,heart3,wasn't,bad,30701,241802,English,Are people usually honest with other people?,They wanted the other people to have respect for them.,Thank you.
6,presentation,both,heart2,was,good,15794,257600,English,Are people usually honest with other people?,They wanted the other people to have respect for them.,Thank you.
7,cake,social,heart1,wasn't,bad,40303,297908,English,Are people usually honest with other people?,They wanted the other people to have respect for them.,Thank you.
8,monologue,social,heart3,wasn't,bad,45113,343026,English,Are people usually honest with other people?,They wanted the other people to have respect for them.,Thank you.
9,solo,informative,heart0,wasn't,bad,39914,382944,English,Are people usually honest with other people?,They wanted the other people to have respect for them.,Thank you.
10,review,both,heart1,wasn't,terrible,32852,415799,English,Are people usually honest with other people?,They wanted the other people to have respect for them.,Thank you.
11,poem,informative,heart2,wasn't,bad,60896,476699,English,Are people usually honest with other people?,They wanted the other people to have respect for them.,Thank you.
12,recital,informative,heart1,wasn't,terrible,30433,507135,English,Are people usually honest with other people?,They wanted the other people to have respect for them.,Thank you.