trial,item,goal,true_state,positivity,utterance,rt,time_elapsed,language,expt_aim,goal_thoughts,expt_general
1,movie,both,heart0,wasn't,terrible,33786,63170,English,How people phrased their wording based on whether they wanted to be honest or whether they didn't want to hurt the other person's feelings.,Not sure.,N/A
2,monologue,both,heart3,was,amazing,19151,82327,English,How people phrased their wording based on whether they wanted to be honest or whether they didn't want to hurt the other person's feelings.,Not sure.,N/A
3,dance,both,heart1,wasn't,bad,24011,106339,English,How people phrased their wording based on whether they wanted to be honest or whether they didn't want to hurt the other person's feelings.,Not sure.,N/A
4,cake,social,heart0,was,good,39248,145589,English,How people phrased their wording based on whether they wanted to be honest or whether they didn't want to hurt the other person's feelings.,Not sure.,N/A
5,poem,social,heart1,was,good,34597,180186,English,How people phrased their wording based on whether they wanted to be honest or whether they didn't want to hurt the other person's feelings.,Not sure.,N/A
6,painting,informative,heart2,was,good,36211,216399,English,How people phrased their wording based on whether they wanted to be honest or whether they didn't want to hurt the other person's feelings.,Not sure.,N/A
7,song,social,heart3,was,amazing,16160,232561,English,How people phrased their wording based on whether they wanted to be honest or whether they didn't want to hurt the other person's feelings.,Not sure.,N/A
8,recital,both,heart2,was,good,54411,286974,English,How people phrased their wording based on whether they wanted to be honest or whether they didn't want to hurt the other person's feelings.,Not sure.,N/A
9,presentation,informative,heart3,was,amazing,20027,307002,English,How people phrased their wording based on whether they wanted to be honest or whether they didn't want to hurt the other person's feelings.,Not sure.,N/A
10,solo,social,heart2,was,good,25504,332507,English,How people phrased their wording based on whether they wanted to be honest or whether they didn't want to hurt the other person's feelings.,Not sure.,N/A
11,app,informative,heart0,was,terrible,13486,345995,English,How people phrased their wording based on whether they wanted to be honest or whether they didn't want to hurt the other person's feelings.,Not sure.,N/A
12,review,informative,heart1,was,bad,14941,360937,English,How people phrased their wording based on whether they wanted to be honest or whether they didn't want to hurt the other person's feelings.,Not sure.,N/A