trial,item,goal,true_state,positivity,utterance,rt,time_elapsed,language,expt_aim,goal_thoughts,expt_general
1,poem,informative,heart2,wasn't,bad,61064,129386,English,Possibly how people frame feedback to hide their true emotions or avoid upset,it would be hard to tell without knowing the individuals,no further comments, thanks
2,cake,informative,heart1,wasn't,bad,36555,165951,English,Possibly how people frame feedback to hide their true emotions or avoid upset,it would be hard to tell without knowing the individuals,no further comments, thanks
3,presentation,informative,heart0,wasn't,terrible,28145,194100,English,Possibly how people frame feedback to hide their true emotions or avoid upset,it would be hard to tell without knowing the individuals,no further comments, thanks
4,dance,both,heart1,was,amazing,23331,217434,English,Possibly how people frame feedback to hide their true emotions or avoid upset,it would be hard to tell without knowing the individuals,no further comments, thanks
5,app,informative,heart3,wasn't,bad,18033,235471,English,Possibly how people frame feedback to hide their true emotions or avoid upset,it would be hard to tell without knowing the individuals,no further comments, thanks
6,song,both,heart0,was,amazing,15188,250663,English,Possibly how people frame feedback to hide their true emotions or avoid upset,it would be hard to tell without knowing the individuals,no further comments, thanks
7,recital,both,heart2,was,amazing,20424,271091,English,Possibly how people frame feedback to hide their true emotions or avoid upset,it would be hard to tell without knowing the individuals,no further comments, thanks
8,movie,social,heart3,wasn't,bad,32002,303097,English,Possibly how people frame feedback to hide their true emotions or avoid upset,it would be hard to tell without knowing the individuals,no further comments, thanks
9,review,social,heart1,was,good,98723,401824,English,Possibly how people frame feedback to hide their true emotions or avoid upset,it would be hard to tell without knowing the individuals,no further comments, thanks
10,solo,social,heart0,was,good,22527,424355,English,Possibly how people frame feedback to hide their true emotions or avoid upset,it would be hard to tell without knowing the individuals,no further comments, thanks
11,painting,both,heart3,was,amazing,16165,440523,English,Possibly how people frame feedback to hide their true emotions or avoid upset,it would be hard to tell without knowing the individuals,no further comments, thanks
12,monologue,social,heart2,was,good,15863,456390,English,Possibly how people frame feedback to hide their true emotions or avoid upset,it would be hard to tell without knowing the individuals,no further comments, thanks