trial,item,goal,true_state,positivity,utterance,rt,time_elapsed,language,expt_aim,goal_thoughts,expt_general
1,dance,both,heart0,wasn't,terrible,29252,54556,English,How one may react in similar situations and what they might say.,No. It was much to bland to tell.,
2,poem,informative,heart3,was,amazing,10817,65379,English,How one may react in similar situations and what they might say.,No. It was much to bland to tell.,
3,painting,both,heart1,wasn't,bad,13304,78685,English,How one may react in similar situations and what they might say.,No. It was much to bland to tell.,
4,app,social,heart3,was,amazing,21153,99839,English,How one may react in similar situations and what they might say.,No. It was much to bland to tell.,
5,song,informative,heart1,wasn't,bad,32965,132806,English,How one may react in similar situations and what they might say.,No. It was much to bland to tell.,
6,cake,both,heart3,was,amazing,13634,146441,English,How one may react in similar situations and what they might say.,No. It was much to bland to tell.,
7,solo,social,heart2,was,good,22092,168533,English,How one may react in similar situations and what they might say.,No. It was much to bland to tell.,
8,presentation,social,heart0,wasn't,terrible,19793,188328,English,How one may react in similar situations and what they might say.,No. It was much to bland to tell.,
9,recital,both,heart2,was,good,9511,197840,English,How one may react in similar situations and what they might say.,No. It was much to bland to tell.,
10,movie,social,heart1,wasn't,bad,11211,209053,English,How one may react in similar situations and what they might say.,No. It was much to bland to tell.,
11,review,informative,heart0,was,terrible,18358,227412,English,How one may react in similar situations and what they might say.,No. It was much to bland to tell.,
12,monologue,informative,heart2,wasn't,bad,14687,242100,English,How one may react in similar situations and what they might say.,No. It was much to bland to tell.,