trial,item,goal,true_state,positivity,utterance,language,expt_aim,goal_thoughts,expt_general
1,dance,social,heart2,was,good,english,not sure really,no,
2,recital,social,heart1,was,bad,english,not sure really,no,
3,solo,both,heart2,was,good,english,not sure really,no,
4,review,both,heart3,was,amazing,english,not sure really,no,
5,app,informative,heart1,was,bad,english,not sure really,no,
6,movie,both,heart0,was,terrible,english,not sure really,no,
7,song,social,heart3,was,good,english,not sure really,no,
8,presentation,social,heart0,was,good,english,not sure really,no,
9,monologue,informative,heart3,wasn't,bad,english,not sure really,no,
10,painting,both,heart1,wasn't,bad,english,not sure really,no,
11,cake,informative,heart0,was,terrible,english,not sure really,no,
12,poem,informative,heart2,was,good,english,not sure really,no,