trial,item,goal,true_state,positivity,utterance,language,expt_aim,goal_thoughts,expt_general
1,monologue,informative,heart1,wasn't,bad,English,Peoples perceptions towards others.,I was testing peoples perceptions or say towards others.,No other comments.
2,dance,informative,heart2,wasn't,bad,English,Peoples perceptions towards others.,I was testing peoples perceptions or say towards others.,No other comments.
3,painting,social,heart3,was,amazing,English,Peoples perceptions towards others.,I was testing peoples perceptions or say towards others.,No other comments.
4,solo,informative,heart0,was,terrible,English,Peoples perceptions towards others.,I was testing peoples perceptions or say towards others.,No other comments.
5,recital,social,heart1,wasn't,bad,English,Peoples perceptions towards others.,I was testing peoples perceptions or say towards others.,No other comments.
6,movie,both,heart2,wasn't,terrible,English,Peoples perceptions towards others.,I was testing peoples perceptions or say towards others.,No other comments.
7,song,both,heart1,was,terrible,English,Peoples perceptions towards others.,I was testing peoples perceptions or say towards others.,No other comments.
8,app,informative,heart3,was,good,English,Peoples perceptions towards others.,I was testing peoples perceptions or say towards others.,No other comments.
9,presentation,social,heart0,was,bad,English,Peoples perceptions towards others.,I was testing peoples perceptions or say towards others.,No other comments.
10,cake,social,heart2,was,good,English,Peoples perceptions towards others.,I was testing peoples perceptions or say towards others.,No other comments.
11,review,both,heart3,was,amazing,English,Peoples perceptions towards others.,I was testing peoples perceptions or say towards others.,No other comments.
12,poem,both,heart0,was,bad,English,Peoples perceptions towards others.,I was testing peoples perceptions or say towards others.,No other comments.